Read Lengths,right 5-mer,1-mer,2-mer,5-mer,right 1-mer,Mean of -1 Means,Mean of 0 Means,Mean of +1 Means,Mean of -1 SD,Mean of 0 SD,Mean of +1 SD,Mean of -1 Dwell,Mean of 0 Dwell,Mean of +1 Dwell,Median of -1 Means,Median of 0 Means,Median of +1 Means,Median of -1 Dwell,Median of 0 Dwell,Median of +1 Dwell,Min of -1 Means,Min of 0 Means,Min of +1 Means,Min of -1 SD,Min of 0 SD,Min of +1 SD,Min of -1 Dwell,Min of 0 Dwell,Min of +1 Dwell,Max of -1 Means,Max of 0 Means,Max of +1 Means,Max of -1 SD,Max of 0 SD,Max of +1 SD,Max of -1 Dwell,Max of 0 Dwell,Max of +1 Dwell,Var of -1 Means,Var of 0 Means,Var of +1 Means,Var of -1 SD,Var of 0 SD,Var of +1 SD,Var of -1 Dwell,Var of 0 Dwell,Var of +1 Dwell,Score,Label
36,3,1,1,3,1,109.88888888888889,108.71666666666667,95.64166666666667,0.48413287955036516,0.3878113046633521,0.3063946811178091,0.0065741666666666665,0.007236666666666666,0.00634,110.0,110.0,95.5,0.00531,0.006359999999999999,0.005585,106.0,98.3,92.7,1.0,1.55,1.26,0.00232,0.00199,0.00199,114.0,113.0,98.6,6.91,3.53,2.82,0.0213,0.0165,0.0186,3.358730158730159,10.281428571428574,2.123642857142856,1.951242142857143,0.22859515873015873,0.1281392857142857,2.0317385000000002e-05,1.2248988571428572e-05,9.975559999999999e-06,0.0,0
38,1,3,1,2,1,84.36315789473684,93.9421052631579,82.56052631578947,0.4741441480501409,0.5052585663168564,0.39423151865966927,0.006866052631578947,0.006421315789473684,0.005962631578947369,84.35,93.8,82.19999999999999,0.005705,0.00613,0.005245,81.0,90.3,79.3,1.23,1.87,0.91,0.00232,0.00232,0.00232,88.8,99.0,88.8,5.89,5.13,5.23,0.0145,0.0156,0.0188,2.953741109530584,2.8116927453769556,2.8429943100995736,1.2003875533428163,0.3810956614509246,0.8430635135135135,9.942586699857753e-06,1.0049622546230441e-05,1.008957667140825e-05,0.0,0
35,1,1,2,1,2,119.0,124.51428571428572,78.12,0.8381411405178554,1.4662312371574704,0.7632253258109192,0.008893428571428571,0.009519428571428571,0.008132,121.0,125.0,77.8,0.0073,0.00797,0.00664,109.0,108.0,74.5,2.18,2.05,1.84,0.00232,0.00166,0.00299,127.0,131.0,84.7,11.4,18.6,10.0,0.0269,0.0226,0.0292,31.764705882352942,22.374789915966385,5.2463529411764735,4.164182857142857,13.244192941176472,3.7771163025210086,4.20904231932773e-05,3.934558789915966e-05,2.828760470588235e-05,0.02,0
35,1,1,2,1,1,117.85714285714286,128.31428571428572,81.95142857142856,0.9269619017774888,1.0171282747750838,0.6821168731027173,0.007646571428571429,0.007979714285714286,0.007299428571428571,118.0,129.0,80.9,0.00697,0.00631,0.00535,105.0,118.0,77.5,1.9,0.869,1.47,0.00266,0.00232,0.00232,127.0,133.0,89.4,10.7,9.53,7.56,0.0242,0.0229,0.0252,20.89075630252101,9.927731092436975,7.794924369747895,4.012300504201681,4.6818137932773105,2.5359769747899157,1.7016099663865544e-05,3.061247932773109e-05,2.9106164369747897e-05,0.01,0
20,1,1,2,1,1,118.8,128.4,81.45,1.1285739895992641,1.328190780723914,0.9015965006586926,0.0063679999999999995,0.009057,0.006852,118.5,129.0,80.6,0.005809999999999999,0.00747,0.005209999999999999,112.0,125.0,77.5,1.9,3.18,1.76,0.00266,0.00303,0.00266,127.0,132.0,86.6,10.7,9.53,7.46,0.0149,0.0229,0.0179,14.8,5.726315789473684,5.427894736842098,3.437819736842105,2.4026681578947366,2.737689210526316,8.075206315789475e-06,3.618355894736842e-05,1.964688e-05,0.02,0
35,1,3,2,1,1,91.18285714285715,119.8,86.45714285714286,0.7884807401268723,1.3284493953170997,0.5512019519529433,0.00846657142857143,0.006485142857142857,0.008200857142857143,90.7,120.0,88.2,0.00712,0.00564,0.00658,84.2,102.0,75.3,2.3,2.95,1.12,0.00199,0.00266,0.00334,103.0,128.0,91.8,7.87,12.6,6.09,0.0237,0.0139,0.0329,11.961462184873948,24.870588235294118,18.87016806722689,1.3629408403361345,5.113411428571428,1.6942282352941176,3.0254264369747897e-05,9.202049243697478e-06,3.52372374789916e-05,0.01,0
47,1,1,1,3,6,109.70212765957447,106.54893617021277,95.6936170212766,0.3665721606125733,0.3926397298374281,0.32236975710940646,0.009427234042553191,0.00808723404255319,0.005466170212765957,110.0,108.0,97.0,0.0083,0.00531,0.00524,102.0,98.3,83.8,0.802,1.31,0.928,0.00232,0.00299,0.00232,112.0,112.0,100.0,5.22,4.61,4.65,0.0342,0.0319,0.012,3.213691026827012,20.159944495837188,15.436697502312672,0.44899651433857535,0.6223893617021277,0.43788080943570773,4.7529020444033306e-05,4.6269655226641994e-05,4.26997197039778e-06,0.01,0
47,1,1,1,3,6,109.70212765957447,106.54893617021277,95.6936170212766,0.3665721606125733,0.3926397298374281,0.32236975710940646,0.009427234042553191,0.00808723404255319,0.005466170212765957,110.0,108.0,97.0,0.0083,0.00531,0.00524,102.0,98.3,83.8,0.802,1.31,0.928,0.00232,0.00299,0.00232,112.0,112.0,100.0,5.22,4.61,4.65,0.0342,0.0319,0.012,3.213691026827012,20.159944495837188,15.436697502312672,0.44899651433857535,0.6223893617021277,0.43788080943570773,4.7529020444033306e-05,4.6269655226641994e-05,4.26997197039778e-06,0.01,0
45,1,1,1,3,6,109.68888888888888,106.39555555555556,95.63777777777777,0.3726951582562541,0.4018958159941209,0.3295783111945878,0.009669555555555556,0.007028888888888888,0.0055008888888888885,110.0,108.0,97.0,0.00851,0.00531,0.00524,102.0,98.3,83.8,0.802,1.31,0.928,0.00232,0.00299,0.00232,112.0,112.0,100.0,5.22,4.61,4.65,0.0342,0.0232,0.012,3.31010101010101,20.465434343434346,16.054222222222222,0.432577907070707,0.6505254545454545,0.4571963252525253,4.82456997979798e-05,2.145236919191919e-05,4.390990101010101e-06,0.0,0
47,1,1,1,3,6,109.70212765957447,106.54893617021277,95.6936170212766,0.3665721606125733,0.392639729837428,0.32236975710940646,0.009427234042553191,0.00808723404255319,0.005466170212765957,110.0,108.0,97.0,0.0083,0.00531,0.00524,102.0,98.3,83.8,0.802,1.31,0.928,0.00232,0.00299,0.00232,112.0,112.0,100.0,5.22,4.61,4.65,0.0342,0.0319,0.012,3.213691026827012,20.159944495837188,15.436697502312672,0.44899651433857535,0.6223893617021277,0.43788080943570773,4.7529020444033306e-05,4.6269655226641994e-05,4.26997197039778e-06,0.01,0
30,1,1,1,3,6,109.8,106.14,95.16,0.4716598350506433,0.5206695475805915,0.39173443952646175,0.010216666666666667,0.009377666666666666,0.005358666666666667,110.0,108.0,97.4,0.008005,0.005645,0.00499,102.0,98.3,83.8,1.36,1.31,0.928,0.00232,0.00299,0.00299,112.0,111.0,100.0,5.22,4.61,4.65,0.0342,0.0319,0.012,3.7517241379310344,20.69420689655173,21.32248275862069,0.5261389655172413,0.7241481609195403,0.39547755862068973,6.321805747126436e-05,6.113081850574711e-05,4.067391264367816e-06,0.01,0
47,1,1,1,3,6,109.70212765957447,106.54893617021277,95.6936170212766,0.3665721606125733,0.3926397298374281,0.32236975710940646,0.009427234042553191,0.00808723404255319,0.005466170212765957,110.0,108.0,97.0,0.0083,0.00531,0.00524,102.0,98.3,83.8,0.802,1.31,0.928,0.00232,0.00299,0.00232,112.0,112.0,100.0,5.22,4.61,4.65,0.0342,0.0319,0.012,3.213691026827012,20.159944495837188,15.436697502312672,0.44899651433857535,0.6223893617021277,0.43788080943570773,4.7529020444033306e-05,4.6269655226641994e-05,4.26997197039778e-06,0.01,0
46,3,2,2,3,2,119.1086956521739,123.80434782608695,89.57391304347826,0.8206059301684328,0.8700670562776525,0.3984549561486155,0.0062617391304347824,0.008887826086956522,0.009942391304347827,121.0,124.5,89.25,0.00498,0.007175,0.00886,106.0,110.0,87.2,1.51,1.32,0.949,0.00199,0.00232,0.00232,127.0,128.0,94.8,10.7,14.4,6.16,0.0153,0.0349,0.0257,25.25458937198068,12.160869565217391,2.669971014492752,5.65582922705314,8.66067579710145,1.011045760869565,1.4759979130434782e-05,3.86053018357488e-05,2.9818636376811593e-05,0.15,0
47,3,2,2,3,2,119.0,123.80851063829788,89.59148936170213,0.81193616435851,0.8560332046376949,0.3928017439495353,0.0062429787234042555,0.008895744680851064,0.009924468085106383,121.0,124.0,89.3,0.00498,0.00718,0.00894,106.0,110.0,87.2,1.51,1.32,0.949,0.00199,0.00232,0.00232,127.0,128.0,94.8,10.7,14.4,6.16,0.0153,0.0349,0.0257,25.26086956521739,11.89731729879741,2.6264477335800174,5.539450693802035,8.494678168362626,0.9910173663274745,1.4455651803885291e-05,3.7769003237742835e-05,2.9185503515263645e-05,0.15,0
46,3,2,2,3,2,118.95652173913044,123.78260869565217,89.61956521739131,0.8180943438183175,0.862902326645845,0.3987855506490013,0.006154782608695652,0.008923043478260869,0.010049565217391304,120.5,124.0,89.35,0.00498,0.007175,0.00901,106.0,110.0,87.2,1.51,1.32,0.949,0.00199,0.00232,0.00232,127.0,128.0,94.8,10.7,14.4,6.16,0.0153,0.0349,0.0257,25.731400966183575,12.129468599033816,2.646942028985506,5.625694685990338,8.63514884057971,1.0089125048309178,1.4403172173913043e-05,3.857251053140097e-05,2.9082208695652177e-05,0.14,0
46,3,2,2,3,2,119.1086956521739,123.80434782608695,89.57391304347826,0.820605930168433,0.8700670562776525,0.3984549561486155,0.0062617391304347824,0.008887826086956522,0.009942391304347827,121.0,124.5,89.25,0.00498,0.007175,0.00886,106.0,110.0,87.2,1.51,1.32,0.949,0.00199,0.00232,0.00232,127.0,128.0,94.8,10.7,14.4,6.16,0.0153,0.0349,0.0257,25.25458937198068,12.160869565217391,2.669971014492752,5.65582922705314,8.66067579710145,1.011045760869565,1.4759979130434782e-05,3.86053018357488e-05,2.9818636376811593e-05,0.15,0
29,3,2,2,3,2,119.41379310344827,124.37931034482759,89.61379310344827,1.0359982577262814,0.9873183392263367,0.48097218728996405,0.005926896551724138,0.00934448275862069,0.01077655172413793,121.0,125.0,89.1,0.00498,0.00763,0.0091,110.0,117.0,87.2,1.72,1.88,1.11,0.00199,0.00232,0.00356,127.0,128.0,94.8,10.7,11.2,5.8,0.0153,0.0349,0.0257,21.46551724137931,4.458128078817734,2.6233743842364508,5.541693596059113,5.295731280788177,0.7593827586206896,1.2586765024630541e-05,4.5696989901477836e-05,3.4425359113300494e-05,0.04,0
47,3,2,2,3,2,119.0,123.80851063829788,89.59148936170213,0.81193616435851,0.8560332046376949,0.3928017439495353,0.0062429787234042555,0.008895744680851064,0.009924468085106383,121.0,124.0,89.3,0.00498,0.00718,0.00894,106.0,110.0,87.2,1.51,1.32,0.949,0.00199,0.00232,0.00232,127.0,128.0,94.8,10.7,14.4,6.16,0.0153,0.0349,0.0257,25.26086956521739,11.89731729879741,2.6264477335800174,5.539450693802035,8.494678168362626,0.9910173663274745,1.4455651803885291e-05,3.7769003237742835e-05,2.9185503515263645e-05,0.15,0
44,3,2,2,1,1,116.11363636363636,114.70454545454545,78.43863636363636,0.6420141987565063,1.2212905973356614,0.49246853530399565,0.00956409090909091,0.0079225,0.006085681818181818,116.0,116.0,78.25,0.00824,0.006805,0.005155,109.0,104.0,73.2,1.95,2.6,1.55,0.00232,0.00232,0.00232,122.0,122.0,83.6,10.1,14.8,5.85,0.0289,0.0183,0.024,10.800739957716702,19.236257928118395,5.688472515856233,2.954132558139535,9.756683509513742,1.2680521670190275,4.3600666596194505e-05,2.1290135465116278e-05,1.4323034408033829e-05,0.26,0
45,3,2,2,1,1,116.2,114.68888888888888,78.39555555555556,0.6291506718594796,1.2046164493827305,0.48608742799451315,0.009411111111111111,0.008019777777777778,0.006299333333333333,116.0,116.0,78.2,0.00797,0.00697,0.00524,109.0,104.0,73.2,1.89,2.6,1.55,0.00232,0.00232,0.00232,122.0,122.0,83.6,10.1,14.8,5.85,0.0289,0.0183,0.024,10.89090909090909,18.81010101010101,5.6427070707070675,2.977220404040404,9.537813434343434,1.239379090909091,4.3662869191919194e-05,2.1232102222222223e-05,1.6051624545454543e-05,0.23,0
43,3,2,2,1,1,116.11627906976744,114.65116279069767,78.37209302325581,0.653290171052109,1.2372747622130271,0.49142814581446986,0.009550697674418605,0.007720697674418605,0.006370232558139535,116.0,116.0,78.2,0.00797,0.00664,0.00524,109.0,104.0,73.2,1.89,2.6,1.55,0.00232,0.00232,0.00232,122.0,122.0,83.6,10.1,14.8,5.85,0.0289,0.0183,0.024,10.819490586932448,19.375415282392026,5.726821705426353,3.021082392026578,9.836650276854929,1.2467516057585826,4.4496639977851606e-05,1.9710135215946844e-05,1.6413192801771873e-05,0.24,0
44,3,2,2,1,1,116.11363636363636,114.70454545454545,78.43863636363636,0.6420141987565061,1.2212905973356614,0.4924685353039957,0.00956409090909091,0.0079225,0.006085681818181818,116.0,116.0,78.25,0.00824,0.006805,0.005155,109.0,104.0,73.2,1.95,2.6,1.55,0.00232,0.00232,0.00232,122.0,122.0,83.6,10.1,14.8,5.85,0.0289,0.0183,0.024,10.800739957716702,19.236257928118395,5.688472515856233,2.954132558139535,9.756683509513742,1.2680521670190275,4.3600666596194505e-05,2.1290135465116278e-05,1.4323034408033829e-05,0.26,0
27,3,2,2,1,1,117.07407407407408,114.81481481481481,78.64444444444445,0.7958204435213226,1.5426826259795998,0.6825172282102782,0.009216296296296295,0.008378148148148148,0.007269629629629629,117.0,116.0,78.3,0.00697,0.00797,0.00598,110.0,104.0,75.4,1.89,2.85,2.1,0.00232,0.00232,0.00232,122.0,122.0,82.9,10.1,14.0,5.85,0.0289,0.0176,0.024,7.301994301994302,16.77207977207977,5.4133333333333296,3.640506267806268,8.337497720797721,1.350254131054131,5.389997806267806e-05,1.9105323361823362e-05,2.2225696011396014e-05,0.07,0
45,3,2,2,1,1,116.2,114.68888888888888,78.39555555555556,0.6291506718594796,1.2046164493827307,0.48608742799451315,0.009411111111111111,0.008019777777777778,0.006299333333333333,116.0,116.0,78.2,0.00797,0.00697,0.00524,109.0,104.0,73.2,1.89,2.6,1.55,0.00232,0.00232,0.00232,122.0,122.0,83.6,10.1,14.8,5.85,0.0289,0.0183,0.024,10.89090909090909,18.81010101010101,5.6427070707070675,2.977220404040404,9.537813434343434,1.239379090909091,4.3662869191919194e-05,2.1232102222222223e-05,1.6051624545454543e-05,0.23,0
48,1,1,1,2,6,107.125,100.75625,83.09166666666667,0.4494368582830444,0.5493872059698272,0.41701480247841455,0.010948333333333334,0.0074577083333333336,0.0058939583333333335,107.0,100.5,83.2,0.0083,0.00598,0.005145,103.0,96.4,79.2,1.56,2.06,1.45,0.00299,0.00232,0.00199,110.0,107.0,87.5,5.24,5.9,4.58,0.0302,0.0292,0.0146,3.047872340425532,7.768896276595744,4.573546099290779,0.695163829787234,0.618718439716312,0.6426751329787235,6.35772865248227e-05,2.7401596764184395e-05,9.28032655141844e-06,0.0,0
49,1,1,1,2,6,107.14285714285714,100.86326530612244,83.06326530612245,0.4425068679654416,0.540417989614097,0.4125099168345901,0.010772244897959183,0.007709591836734694,0.005970408163265306,107.0,101.0,83.2,0.0083,0.00598,0.00531,103.0,96.4,79.2,1.56,2.06,1.45,0.00232,0.00232,0.00199,110.0,107.0,87.5,5.24,5.9,4.58,0.0302,0.0292,0.0146,3.0,8.168205782312924,4.517789115646257,0.6944874999999999,0.6411635204081633,0.6293068027210885,6.377210943877552e-05,2.9939549829931973e-05,9.373370663265306e-06,0.0,0
47,1,1,1,2,6,107.06382978723404,100.75106382978723,83.03404255319148,0.4503634667136026,0.5542505819211937,0.42572734873861573,0.010776170212765957,0.00784,0.005961063829787234,107.0,100.0,83.1,0.0083,0.00598,0.00531,103.0,96.4,79.2,1.56,2.06,1.45,0.00232,0.00232,0.00199,110.0,107.0,87.5,5.24,5.9,4.58,0.0302,0.0292,0.0146,2.9306197964847365,8.197335800185014,4.6927289546715985,0.7080787234042553,0.6596067530064755,0.6187735430157262,6.600571110083257e-05,3.077251304347826e-05,9.697118408880666e-06,0.0,0
48,1,1,1,2,6,107.125,100.75625,83.09166666666667,0.4494368582830444,0.5493872059698272,0.41701480247841455,0.010948333333333334,0.0074577083333333336,0.0058939583333333335,107.0,100.5,83.2,0.0083,0.00598,0.005145,103.0,96.4,79.2,1.56,2.06,1.45,0.00299,0.00232,0.00199,110.0,107.0,87.5,5.24,5.9,4.58,0.0302,0.0292,0.0146,3.047872340425532,7.768896276595744,4.573546099290779,0.695163829787234,0.618718439716312,0.6426751329787235,6.35772865248227e-05,2.7401596764184395e-05,9.28032655141844e-06,0.0,0
30,1,1,1,2,6,107.1,101.07333333333334,83.23666666666666,0.5625423440852154,0.6667588269631931,0.52091106086676,0.011565,0.008072,0.005739,107.5,100.5,83.25,0.00773,0.006144999999999999,0.0049700000000000005,103.0,96.4,80.1,1.56,2.06,1.53,0.00232,0.00232,0.00232,110.0,106.0,87.5,5.24,5.9,4.32,0.0292,0.0292,0.0131,3.9551724137931035,7.89029885057471,4.24929885057471,0.6733688505747125,0.759848275862069,0.5123017241379311,7.751628103448276e-05,4.0028478620689655e-05,7.983526551724138e-06,0.0,0
49,1,1,1,2,6,107.14285714285714,100.86326530612244,83.06326530612245,0.4425068679654416,0.540417989614097,0.4125099168345901,0.010772244897959183,0.007709591836734694,0.005970408163265306,107.0,101.0,83.2,0.0083,0.00598,0.00531,103.0,96.4,79.2,1.56,2.06,1.45,0.00232,0.00232,0.00199,110.0,107.0,87.5,5.24,5.9,4.58,0.0302,0.0292,0.0146,3.0,8.168205782312924,4.517789115646257,0.6944874999999999,0.6411635204081633,0.6293068027210885,6.377210943877552e-05,2.9939549829931973e-05,9.373370663265306e-06,0.0,0
46,3,2,1,1,1,115.69565217391305,94.86304347826086,87.98260869565217,1.319092208038592,0.5569549095452349,0.34719106434451985,0.00688195652173913,0.008213695652173914,0.006112608695652174,115.5,94.3,87.9,0.005520000000000001,0.00598,0.005475,106.0,85.6,84.1,2.25,1.21,1.35,0.00232,0.00266,0.00232,128.0,105.0,92.3,12.5,13.0,3.82,0.0226,0.0415,0.0139,30.883091787439614,8.182826086956526,3.5196908212560416,8.694381835748793,5.133861449275362,0.2656899033816425,2.0387887198067633e-05,4.548341048309179e-05,8.876379710144926e-06,0.05,0
46,3,2,1,1,1,115.47826086956522,94.82608695652173,87.83695652173913,1.3256958439624953,0.5558020992538367,0.3440718591143492,0.006867608695652174,0.00825891304347826,0.006090869565217392,115.0,94.25,87.9,0.005520000000000001,0.00598,0.005475,106.0,85.6,84.1,2.25,1.21,1.2,0.00232,0.00266,0.00232,128.0,105.0,92.3,12.5,13.0,3.82,0.0226,0.0415,0.0139,32.032850241545894,8.197526570048314,3.477937198067634,8.739224154589373,5.1786643478260865,0.29126357487922705,2.0492160821256038e-05,4.515557434782609e-05,8.948457004830917e-06,0.05,0
44,3,2,1,1,1,115.54545454545455,95.0,87.93636363636364,1.3697822487866125,0.5590533062003602,0.3479458611825259,0.006608409090909091,0.007922272727272727,0.006172045454545454,115.0,94.3,87.9,0.005355,0.005945000000000001,0.005475,106.0,91.8,84.1,2.25,1.21,1.2,0.00232,0.00266,0.00232,128.0,105.0,92.3,12.5,13.0,3.82,0.0226,0.0415,0.0139,32.904862579281186,6.324651162790699,3.896321353065541,8.212161733615222,5.207826849894292,0.2789361522198731,1.9289646247357292e-05,4.394885517970402e-05,9.033681765327694e-06,0.02,0
46,3,2,1,1,1,115.69565217391305,94.86304347826086,87.98260869565217,1.3190922080385923,0.5569549095452347,0.34719106434451985,0.00688195652173913,0.008213695652173914,0.006112608695652174,115.5,94.3,87.9,0.005520000000000001,0.00598,0.005475,106.0,85.6,84.1,2.25,1.21,1.35,0.00232,0.00266,0.00232,128.0,105.0,92.3,12.5,13.0,3.82,0.0226,0.0415,0.0139,30.883091787439614,8.182826086956526,3.5196908212560416,8.694381835748793,5.133861449275362,0.2656899033816425,2.0387887198067633e-05,4.548341048309179e-05,8.876379710144926e-06,0.05,0
30,3,2,1,1,1,115.66666666666667,95.00333333333333,87.78,1.5927004670614553,0.7752537219087269,0.4377416792787475,0.006902333333333333,0.00869,0.005911,115.5,94.1,87.80000000000001,0.006144999999999999,0.006144999999999999,0.00544,106.0,85.6,84.7,2.38,1.21,1.2,0.00232,0.00266,0.00232,126.0,105.0,92.0,12.4,13.0,3.82,0.0166,0.0415,0.0139,28.57471264367816,11.944471264367824,3.250620689655175,7.625396436781609,7.429975747126437,0.3755581609195402,1.589469436781609e-05,5.876356551724139e-05,8.267236896551723e-06,0.03,0
47,3,2,1,1,1,115.53191489361703,94.84042553191489,87.91276595744681,1.3084412712974878,0.5458610468615255,0.3407618684261651,0.006799148936170213,0.008160851063829787,0.006067234042553191,115.0,94.3,87.9,0.0054,0.00598,0.00531,106.0,85.6,84.1,2.25,1.21,1.2,0.00232,0.00266,0.00232,128.0,105.0,92.3,12.5,13.0,3.82,0.0226,0.0415,0.0139,31.471785383903793,8.02898242368178,3.6724421831637395,8.5559756706753,5.08308640148011,0.28560786308973174,2.0266955781683625e-05,4.462589056429233e-05,8.78018131359852e-06,0.05,0
54,3,2,1,1,1,116.25925925925925,94.91851851851852,85.67592592592592,1.2021554858134325,0.5287539863875387,0.41114939761660096,0.0055703703703703705,0.006063518518518518,0.005335925925925926,116.0,94.80000000000001,85.15,0.00398,0.004815,0.00432,103.0,83.9,78.7,2.36,0.907,1.09,0.00199,0.00232,0.00199,138.0,104.0,95.8,12.1,8.05,5.31,0.0196,0.0166,0.0126,32.04472396925227,10.237763801537387,16.525258560447234,4.270117575122292,2.294667112858141,0.7887319357092942,1.3233724388539482e-05,1.2256121348707198e-05,7.887273654786862e-06,0.06,0
55,3,2,1,1,1,116.30909090909091,94.89090909090909,85.80545454545455,1.1940819634921171,0.5226589517407224,0.40524389146568013,0.005547636363636364,0.006048545454545455,0.005389818181818181,116.0,94.7,85.2,0.00398,0.00498,0.00432,103.0,83.9,78.7,2.36,0.907,1.09,0.00199,0.00232,0.00199,138.0,104.0,95.8,12.1,8.05,5.31,0.0196,0.0166,0.0126,31.58787878787879,10.090101010101009,17.142006734006728,4.224496632996633,2.2533464666666667,0.789863771043771,1.3017081346801346e-05,1.2041486734006732e-05,7.900953670033669e-06,0.07,0
46,3,2,1,1,1,116.19565217391305,94.77608695652174,85.58695652173913,1.2930381238741804,0.5854049738935921,0.4352272183227953,0.005454130434782609,0.006252391304347826,0.005257826086956522,116.0,94.4,85.15,0.00398,0.004815,0.00432,103.0,83.9,79.3,2.36,0.907,1.09,0.00199,0.00232,0.00199,127.0,104.0,95.8,12.1,8.05,5.31,0.0196,0.0166,0.0126,24.383091787439614,10.807637681159418,15.946492753623183,4.434103236714976,2.4882866884057973,0.7892338647342995,1.3748002560386473e-05,1.3219174154589372e-05,7.1666085024154585e-06,0.06,0
54,3,2,1,1,1,116.25925925925925,94.91851851851852,85.67592592592592,1.2021554858134327,0.5287539863875386,0.41114939761660096,0.0055703703703703705,0.006063518518518518,0.005335925925925926,116.0,94.80000000000001,85.15,0.00398,0.004815,0.00432,103.0,83.9,78.7,2.36,0.907,1.09,0.00199,0.00232,0.00199,138.0,104.0,95.8,12.1,8.05,5.31,0.0196,0.0166,0.0126,32.04472396925227,10.237763801537387,16.525258560447234,4.270117575122292,2.294667112858141,0.7887319357092942,1.3233724388539482e-05,1.2256121348707198e-05,7.887273654786862e-06,0.06,0
31,3,2,1,1,1,116.90322580645162,94.48709677419355,85.13870967741936,1.6471460197583658,0.6380899567647476,0.5811856803167151,0.0054483870967741935,0.005749354838709677,0.006419032258064516,116.0,94.9,84.9,0.00417,0.00465,0.00531,106.0,83.9,79.6,4.57,1.95,1.88,0.00232,0.00232,0.00266,138.0,98.4,92.8,12.1,8.05,5.31,0.0136,0.0166,0.0126,30.49032258064516,7.358494623655912,14.979784946236547,3.6946111827956982,1.3767333333333338,0.7383436559139785,8.403500645161291e-06,1.282442623655914e-05,9.167722365591398e-06,0.09,0
20,3,2,1,1,1,116.8,94.86,87.005,1.9672734304107298,0.8727243966453557,0.5787264034066529,0.004745,0.0057425,0.004408,117.0,93.94999999999999,87.15,0.00398,0.004935,0.00365,106.0,90.8,78.7,5.92,0.907,1.09,0.00215,0.00232,0.00266,127.0,103.0,92.8,12.1,7.5,4.63,0.012,0.012,0.0106,25.326315789473686,8.49936842105263,16.371026315789468,2.925908157894737,2.5599440289473683,0.7093839473684211,8.191078947368421e-06,8.710093421052632e-06,4.046911578947369e-06,0.11,0
55,3,2,1,1,1,116.30909090909091,94.89090909090909,85.80545454545455,1.1940819634921174,0.5226589517407223,0.4052438914656801,0.005547636363636364,0.006048545454545455,0.005389818181818181,116.0,94.7,85.2,0.00398,0.00498,0.00432,103.0,83.9,78.7,2.36,0.907,1.09,0.00199,0.00232,0.00199,138.0,104.0,95.8,12.1,8.05,5.31,0.0196,0.0166,0.0126,31.58787878787879,10.090101010101009,17.142006734006728,4.224496632996633,2.2533464666666667,0.789863771043771,1.3017081346801346e-05,1.2041486734006732e-05,7.900953670033669e-06,0.07,0
46,3,2,2,1,1,116.45652173913044,116.3695652173913,81.72173913043478,0.438890431616005,1.1787424012027372,0.4527909147458356,0.00702,0.00711,0.006478913043478261,117.0,117.5,80.7,0.005520000000000001,0.00581,0.004815,108.0,104.0,77.5,1.1,3.15,1.17,0.00199,0.00266,0.00232,122.0,124.0,88.3,6.91,16.7,6.96,0.0222,0.0226,0.0199,4.920289855072464,17.793719806763285,8.69018357487923,0.9773331884057973,6.2839464734299515,1.6523675845410628,2.1957137777777777e-05,1.8363573333333334e-05,1.8521143236714974e-05,0.09,0
47,3,2,2,1,1,116.48936170212765,116.46808510638297,81.7404255319149,0.4344583427753022,1.1597121136341266,0.4498369504921389,0.007033191489361702,0.007128297872340425,0.0064329787234042556,117.0,118.0,80.7,0.00564,0.00598,0.00465,108.0,104.0,77.5,1.1,3.15,1.17,0.00199,0.00266,0.00232,122.0,124.0,88.3,6.91,16.7,6.96,0.0222,0.0226,0.0199,4.864014801110083,17.86308973172988,8.517678075855692,0.9574004625346902,6.235921369102682,1.6312656799259944,2.1487987419056428e-05,1.798010138760407e-05,1.8217677890841814e-05,0.07,0
38,3,2,2,1,1,116.47368421052632,116.05263157894737,81.68947368421053,0.4736441503528096,1.263562517431197,0.4823491827214203,0.006450526315789473,0.007145,0.00645078947368421,117.0,117.0,80.85,0.005355,0.00598,0.004815,108.0,104.0,77.5,1.1,3.15,1.17,0.00199,0.00266,0.00232,122.0,124.0,88.3,6.91,16.7,5.42,0.0197,0.0161,0.0179,4.904694167852063,19.834992887624466,7.452318634423899,1.0210520625889046,6.481415718349928,1.36214146514936,1.6318107823613087e-05,1.3936885135135134e-05,1.656603990042674e-05,0.15,0
46,3,2,2,1,1,116.45652173913044,116.3695652173913,81.72173913043478,0.438890431616005,1.1787424012027372,0.4527909147458356,0.00702,0.00711,0.006478913043478261,117.0,117.5,80.7,0.005520000000000001,0.00581,0.004815,108.0,104.0,77.5,1.1,3.15,1.17,0.00199,0.00266,0.00232,122.0,124.0,88.3,6.91,16.7,6.96,0.0222,0.0226,0.0199,4.920289855072464,17.793719806763285,8.69018357487923,0.9773331884057973,6.2839464734299515,1.6523675845410628,2.1957137777777777e-05,1.8363573333333334e-05,1.8521143236714974e-05,0.09,0
28,3,2,2,1,1,116.28571428571429,117.10714285714286,82.325,0.6002030906284972,1.4778089821607872,0.6386285528939561,0.007322142857142857,0.007053214285714286,0.005416071428571428,117.0,118.0,81.85,0.006565,0.005379999999999999,0.004515,108.0,104.0,77.6,1.58,3.15,1.36,0.00199,0.00266,0.00232,121.0,124.0,88.3,6.91,16.7,6.96,0.0171,0.0226,0.0169,5.174603174603175,22.099206349206348,9.993055555555557,1.2577284391534393,8.075114814814814,2.004903703703704,1.7729721164021162e-05,2.2432578174603173e-05,9.27272103174603e-06,0.05,0
47,3,2,2,1,1,116.48936170212765,116.46808510638297,81.7404255319149,0.43445834277530226,1.1597121136341264,0.4498369504921389,0.007033191489361702,0.007128297872340425,0.0064329787234042556,117.0,118.0,80.7,0.00564,0.00598,0.00465,108.0,104.0,77.5,1.1,3.15,1.17,0.00199,0.00266,0.00232,122.0,124.0,88.3,6.91,16.7,6.96,0.0222,0.0226,0.0199,4.864014801110083,17.86308973172988,8.517678075855692,0.9574004625346902,6.235921369102682,1.6312656799259944,2.1487987419056428e-05,1.798010138760407e-05,1.8217677890841814e-05,0.07,0
59,1,1,1,3,1,108.28813559322033,103.7593220338983,93.3542372881356,0.31702986373775577,0.5146540326675717,0.4723275111548526,0.006920508474576271,0.007288474576271187,0.008951525423728814,108.0,104.0,92.8,0.00498,0.00664,0.00767,100.0,96.0,90.2,0.688,1.02,1.88,0.00232,0.00199,0.00283,114.0,112.0,98.3,5.76,7.42,6.1,0.025,0.0166,0.0232,6.105201636469901,15.185558153126825,3.2042489772063085,0.8807174447691408,1.724615838690824,0.9270292811221508,2.365988421975453e-05,1.000903383985973e-05,2.182962004675628e-05,0.02,0
60,1,1,1,3,1,108.28333333333333,103.78,93.33333333333333,0.3131861888539929,0.5100447420461159,0.46696350678256077,0.006869666666666666,0.007222333333333333,0.009009,108.0,104.0,92.75,0.00498,0.006625000000000001,0.007984999999999999,100.0,96.0,90.2,0.688,1.02,1.88,0.00232,0.00199,0.00283,114.0,112.0,98.3,5.76,7.42,6.1,0.025,0.0166,0.0232,6.0031073446327685,14.953830508474574,3.176158192090392,0.8691706259887005,1.695485056497175,0.9173203107344632,2.3413962598870057e-05,1.0101869039548022e-05,2.1657826101694914e-05,0.02,0
48,1,1,1,3,1,108.22916666666667,104.16875,93.36041666666667,0.321326406823688,0.5539649930651455,0.5191701360906013,0.00680875,0.0072408333333333335,0.009045416666666667,108.0,105.0,92.75,0.0049700000000000005,0.006475,0.0083,103.0,96.6,90.2,0.688,1.02,1.88,0.00232,0.00199,0.00283,114.0,112.0,98.3,4.84,7.42,5.46,0.025,0.0166,0.0196,5.159131205673759,14.629002659574468,3.5313785460992873,0.5869123120567377,1.5321350620567376,0.7574861258865248,2.434964521276596e-05,9.645897163120567e-06,1.7337987056737587e-05,0.04,0
59,1,1,1,3,1,108.28813559322033,103.7593220338983,93.3542372881356,0.3170298637377558,0.5146540326675717,0.47232751115485266,0.006920508474576271,0.007288474576271187,0.008951525423728814,108.0,104.0,92.8,0.00498,0.00664,0.00767,100.0,96.0,90.2,0.688,1.02,1.88,0.00232,0.00199,0.00283,114.0,112.0,98.3,5.76,7.42,6.1,0.025,0.0166,0.0232,6.105201636469901,15.185558153126825,3.2042489772063085,0.8807174447691408,1.724615838690824,0.9270292811221508,2.365988421975453e-05,1.000903383985973e-05,2.182962004675628e-05,0.02,0
38,1,1,1,3,1,108.39473684210526,103.76315789473684,92.9421052631579,0.4115571740101542,0.6314714272513865,0.5708598995644621,0.006753947368421053,0.007020263157894737,0.009248947368421053,108.0,105.0,92.7,0.00498,0.006625000000000001,0.00765,100.0,96.4,90.2,0.688,1.02,1.88,0.00232,0.00199,0.00283,114.0,112.0,95.8,5.76,7.14,6.1,0.025,0.0166,0.0232,7.596728307254623,13.21914651493599,1.6111522048364124,1.2156222588904693,1.524258961593172,0.9227988620199146,2.5849208321479373e-05,1.1341213442389758e-05,2.6374015078236127e-05,0.03,0
60,1,1,1,3,1,108.28333333333333,103.78,93.33333333333333,0.3131861888539929,0.5100447420461159,0.46696350678256077,0.006869666666666666,0.007222333333333333,0.009009,108.0,104.0,92.75,0.00498,0.006625000000000001,0.007984999999999999,100.0,96.0,90.2,0.688,1.02,1.88,0.00232,0.00199,0.00283,114.0,112.0,98.3,5.76,7.42,6.1,0.025,0.0166,0.0232,6.0031073446327685,14.953830508474574,3.176158192090392,0.8691706259887005,1.695485056497175,0.9173203107344632,2.3413962598870057e-05,1.0101869039548022e-05,2.1657826101694914e-05,0.02,0
59,3,1,1,3,6,107.91525423728814,104.03389830508475,92.4406779661017,0.378381492876047,0.39138000821480545,0.2876971364893193,0.008719152542372882,0.006859322033898305,0.006514406779661017,108.0,104.0,92.2,0.00764,0.00465,0.00531,104.0,93.3,86.7,0.819,1.59,0.985,0.00232,0.00199,0.00166,111.0,112.0,98.7,7.58,4.51,4.11,0.0296,0.0232,0.0158,2.9064874342489775,14.622279368790181,2.82314436002338,1.2635581057860898,0.6173267679719462,0.4033885885447107,3.145763202805377e-05,2.3125006428988895e-05,1.2620759555815313e-05,0.04,0
60,3,1,1,3,6,107.91666666666667,104.11666666666666,92.42333333333333,0.375179868344653,0.3867448915126237,0.28396108154698474,0.008709333333333333,0.0069,0.006558166666666667,108.0,104.0,92.15,0.00764,0.004815,0.00531,104.0,93.3,86.7,0.819,1.59,0.985,0.00232,0.00199,0.00166,111.0,112.0,98.7,7.58,4.51,4.11,0.0296,0.0232,0.0158,2.8573446327683616,14.785480225988701,2.7933446327683633,1.2428476211864408,0.6131378531073446,0.4035546539548023,3.093023683615819e-05,2.283233898305085e-05,1.2521744039548024e-05,0.03,0
48,3,1,1,3,6,107.8125,104.3375,92.54166666666667,0.42926316724530683,0.4324562939541469,0.32594420801129614,0.009134791666666666,0.0073797916666666664,0.006474375,108.0,104.0,92.2,0.00805,0.0052499999999999995,0.005145,104.0,94.8,89.9,0.819,1.59,1.11,0.00232,0.00299,0.00232,111.0,112.0,98.7,7.58,4.43,4.11,0.0296,0.0232,0.0156,2.708776595744681,13.97941489361702,2.3480141843971643,1.3038576804078015,0.5678368351063829,0.42565421099290784,3.5781268040780145e-05,2.594281059397163e-05,1.2139288962765957e-05,0.01,0
59,3,1,1,3,6,107.91525423728814,104.03389830508475,92.4406779661017,0.378381492876047,0.39138000821480545,0.28769713648931927,0.008719152542372882,0.006859322033898305,0.006514406779661017,108.0,104.0,92.2,0.00764,0.00465,0.00531,104.0,93.3,86.7,0.819,1.59,0.985,0.00232,0.00199,0.00166,111.0,112.0,98.7,7.58,4.51,4.11,0.0296,0.0232,0.0158,2.9064874342489775,14.622279368790181,2.82314436002338,1.2635581057860898,0.6173267679719462,0.4033885885447107,3.145763202805377e-05,2.3125006428988895e-05,1.2620759555815313e-05,0.04,0
36,3,1,1,3,6,107.86111111111111,103.66944444444445,92.31944444444444,0.45021471215081044,0.48741950902459547,0.3504194191110468,0.008805833333333334,0.0064377777777777775,0.0073325,108.0,104.0,92.1,0.007595,0.00465,0.006935,105.0,93.3,86.7,1.08,1.59,0.985,0.00232,0.00199,0.00166,111.0,112.0,95.9,5.1,4.51,3.52,0.0296,0.0186,0.0156,2.2373015873015873,18.15475396825397,2.861039682539683,0.6603342063492064,0.6818844444444444,0.3064976785714286,3.149040785714286e-05,1.920801206349206e-05,1.3600665000000001e-05,0.03,0
21,3,1,1,3,6,107.85714285714286,104.4047619047619,92.62380952380953,0.5841086412320098,0.6435195881381236,0.47200133556058405,0.008114285714285715,0.007174285714285715,0.005637142857142857,108.0,104.0,92.2,0.00666,0.00449,0.00427,104.0,99.6,90.5,0.819,1.81,1.24,0.00232,0.00199,0.00232,111.0,109.0,98.7,4.92,4.29,3.46,0.0239,0.0232,0.0158,3.428571428571429,10.68647619047619,2.8589047619047667,1.0480397142857143,0.519814761904762,0.3800890476190476,3.454699571428571e-05,3.153249571428571e-05,1.047964142857143e-05,0.02,0
60,3,1,1,3,6,107.91666666666667,104.11666666666666,92.42333333333333,0.37517986834465294,0.3867448915126237,0.2839610815469848,0.008709333333333333,0.0069,0.006558166666666667,108.0,104.0,92.15,0.00764,0.004815,0.00531,104.0,93.3,86.7,0.819,1.59,0.985,0.00232,0.00199,0.00166,111.0,112.0,98.7,7.58,4.51,4.11,0.0296,0.0232,0.0158,2.8573446327683616,14.785480225988701,2.7933446327683633,1.2428476211864408,0.6131378531073446,0.4035546539548023,3.093023683615819e-05,2.283233898305085e-05,1.2521744039548024e-05,0.03,0
70,1,3,1,1,6,88.30285714285715,95.09857142857143,87.18857142857142,0.3076267115734091,0.30355542814975933,0.2517694928918522,0.005110571428571429,0.007238,0.006226285714285715,88.4,95.1,87.0,0.004595,0.0063549999999999995,0.00531,81.6,85.7,81.5,0.843,1.06,1.34,0.00232,0.00232,0.00166,94.7,101.0,94.8,5.72,9.16,3.99,0.0139,0.0189,0.0172,4.9492670807453445,5.888258799171839,4.776968944099381,0.9964426296066252,1.1496593995859214,0.21425093167701864,5.930677929606625e-06,1.3299569855072463e-05,1.1547371511387163e-05,0.0,0
71,1,3,1,1,6,88.3718309859155,95.10704225352113,87.22394366197183,0.30488701163401893,0.2998833999420465,0.2514932590613572,0.0050853521126760564,0.007213380281690141,0.006166619718309859,88.4,95.1,87.0,0.00454,0.00633,0.00531,81.6,85.7,81.5,0.843,1.06,1.34,0.00232,0.00232,0.00166,94.7,101.0,94.8,5.72,9.16,3.99,0.0139,0.0189,0.0172,5.216338028169018,5.8092354124748455,4.797561368209258,0.9825927142857143,1.1461041851106641,0.22052909456740444,5.891110945674044e-06,1.3152611267605633e-05,1.1635171267605634e-05,0.0,0
54,1,3,1,1,6,88.51851851851852,95.02222222222223,87.26481481481481,0.34516936311298607,0.35646695497097985,0.29081456953632034,0.005207037037037037,0.007474444444444444,0.006236296296296296,88.6,95.1,87.05,0.00443,0.0063549999999999995,0.00531,81.6,85.7,81.5,0.843,1.06,1.34,0.00232,0.00232,0.00166,94.7,99.9,94.8,5.72,9.16,3.99,0.0139,0.0189,0.0172,5.702669461914748,6.239874213836473,5.341191474493364,1.0313665817610063,1.413145248078267,0.24194661076170512,6.9937759608665265e-06,1.555952327044025e-05,1.2782986023759609e-05,0.01,0
70,1,3,1,1,6,88.30285714285715,95.09857142857143,87.18857142857142,0.30762671157340904,0.3035554281497593,0.25176949289185213,0.005110571428571429,0.007238,0.006226285714285715,88.4,95.1,87.0,0.004595,0.0063549999999999995,0.00531,81.6,85.7,81.5,0.843,1.06,1.34,0.00232,0.00232,0.00166,94.7,101.0,94.8,5.72,9.16,3.99,0.0139,0.0189,0.0172,4.9492670807453445,5.888258799171839,4.776968944099381,0.9964426296066252,1.1496593995859214,0.21425093167701864,5.930677929606625e-06,1.3299569855072463e-05,1.1547371511387163e-05,0.0,0
44,1,3,1,1,6,88.62272727272727,95.12954545454545,87.39545454545454,0.392498650442487,0.4051567138897212,0.3201125673651754,0.004771590909090909,0.0065925,0.006028863636363636,88.85,95.1,87.05,0.00432,0.00618,0.00531,84.2,88.9,82.4,0.843,1.06,1.34,0.00232,0.00232,0.00166,94.7,101.0,94.8,5.72,9.16,2.87,0.0103,0.0142,0.0169,4.725052854122625,5.206316067653274,4.4776532769556034,1.1196606485200844,1.6651556025369978,0.1604521670190275,4.14102299154334e-06,7.420721511627907e-06,1.0623810306553911e-05,0.0,0
24,1,3,1,1,6,87.94166666666666,94.80416666666667,86.81666666666666,0.5308344780207438,0.4462284075074856,0.4249519989232771,0.004782916666666666,0.0086075,0.006668333333333333,88.25,95.15,87.1,0.004314999999999999,0.00709,0.00509,81.6,85.7,81.5,1.21,1.35,1.39,0.00232,0.00313,0.00199,93.2,98.8,91.3,5.42,3.29,3.2,0.013,0.0189,0.0172,6.663405797101453,6.736938405797098,5.1849275362318865,0.897360688405797,0.20049275362318836,0.22768097826086955,5.764778079710144e-06,2.0318671739130436e-05,1.689051884057971e-05,0.01,0
71,1,3,1,1,6,88.3718309859155,95.10704225352113,87.22394366197183,0.30488701163401893,0.2998833999420465,0.2514932590613572,0.0050853521126760564,0.007213380281690141,0.006166619718309859,88.4,95.1,87.0,0.00454,0.00633,0.00531,81.6,85.7,81.5,0.843,1.06,1.34,0.00232,0.00232,0.00166,94.7,101.0,94.8,5.72,9.16,3.99,0.0139,0.0189,0.0172,5.216338028169018,5.8092354124748455,4.797561368209258,0.9825927142857143,1.1461041851106641,0.22052909456740444,5.891110945674044e-06,1.3152611267605633e-05,1.1635171267605634e-05,0.0,0
22,1,3,1,1,6,88.41818181818182,95.65454545454546,87.45,0.5358522215180087,0.4708360332938993,0.4660613941751622,0.0055836363636363635,0.006136818181818182,0.0053440909090909094,88.1,95.35,87.0,0.00498,0.005655,0.005145,83.8,91.9,83.5,1.26,1.2,1.39,0.00232,0.00299,0.00199,93.2,101.0,90.9,4.62,3.94,3.99,0.0139,0.0137,0.0102,5.229177489177494,4.5359307359307355,3.9311904761904795,0.6655575757575757,0.4512694805194805,0.33812294372294377,6.5178909090909085e-06,6.830717965367966e-06,5.66598722943723e-06,0.0,0
66,3,1,1,1,1,105.03030303030303,98.78787878787878,87.85454545454546,0.344866092376821,0.39295962075579255,0.3017371651030209,0.009644848484848485,0.006037424242424243,0.005655909090909091,105.0,99.5,87.3,0.008685,0.005169999999999999,0.00498,101.0,85.6,81.9,1.17,1.27,1.14,0.00232,0.00166,0.00166,112.0,106.0,98.2,5.74,4.54,4.55,0.0292,0.0153,0.0149,1.999067599067599,13.118927738927743,9.518209790209792,0.8520024475524476,0.4967853613053613,0.4795045221445221,3.273876074592075e-05,1.0389560955710956e-05,6.277753776223777e-06,0.0,0
67,3,1,1,1,1,105.04477611940298,98.73731343283582,87.82537313432836,0.34146389870520344,0.39105616936803594,0.2985133954634316,0.009609701492537313,0.006056268656716418,0.005695970149253732,105.0,99.4,87.3,0.00855,0.00531,0.00498,101.0,85.6,81.9,1.17,1.27,1.14,0.00232,0.00166,0.00166,112.0,106.0,98.2,5.74,4.54,4.55,0.0292,0.0153,0.0149,1.9828132066938038,13.091465400271375,9.431013116236997,0.8407957033016735,0.4947241067390321,0.47601601085481676,3.2325484758028043e-05,1.0255935866123925e-05,6.29016381727725e-06,0.0,0
50,3,1,1,1,1,104.94,98.302,87.628,0.4087368835816019,0.44365409949644324,0.3483471257237528,0.0090124,0.0059483999999999995,0.0057634,105.0,99.4,86.9,0.00784,0.005145,0.00498,101.0,85.6,81.9,1.39,1.27,1.14,0.00232,0.00166,0.00166,108.0,106.0,98.2,5.74,4.54,4.55,0.0292,0.0153,0.0149,1.486122448979592,16.029587755102046,11.67511836734694,0.9832586122448981,0.5325103673469388,0.5626163673469387,2.6603267591836736e-05,1.0693830040816325e-05,7.298777999999999e-06,0.0,0
66,3,1,1,1,1,105.03030303030303,98.78787878787878,87.85454545454546,0.34486609237682103,0.39295962075579255,0.30173716510302095,0.009644848484848485,0.006037424242424243,0.005655909090909091,105.0,99.5,87.3,0.008685,0.005169999999999999,0.00498,101.0,85.6,81.9,1.17,1.27,1.14,0.00232,0.00166,0.00166,112.0,106.0,98.2,5.74,4.54,4.55,0.0292,0.0153,0.0149,1.999067599067599,13.118927738927743,9.518209790209792,0.8520024475524476,0.4967853613053613,0.4795045221445221,3.273876074592075e-05,1.0389560955710956e-05,6.277753776223777e-06,0.0,0
41,3,1,1,1,1,105.09756097560975,98.63414634146342,87.61463414634146,0.46123724669571176,0.5148441947946406,0.37613876273003094,0.010168048780487805,0.0062080487804878045,0.005200243902439025,105.0,99.4,87.3,0.00921,0.00552,0.00498,101.0,89.0,81.9,1.39,1.6,1.14,0.00299,0.00166,0.00166,112.0,104.0,96.0,5.74,4.54,4.43,0.0252,0.0133,0.00863,2.8902439024390243,11.45780487804878,8.19028048780488,0.9658719512195123,0.48756378048780485,0.5061987804878049,2.6450671097560975e-05,9.634361097560976e-06,3.2147174390243905e-06,0.0,0
24,3,1,1,1,1,104.95833333333333,98.45833333333333,88.4,0.47733417714078114,0.643119972175574,0.5123038242423467,0.00850875,0.0059675,0.006152916666666667,105.0,99.30000000000001,87.1,0.007595,0.004815,0.00498,104.0,85.6,83.1,1.17,1.27,1.67,0.00232,0.00232,0.00332,106.0,106.0,98.2,3.62,4.26,4.55,0.0251,0.0153,0.0143,0.6503623188405797,15.480797101449284,12.573913043478258,0.3252166666666667,0.595333152173913,0.5163557971014493,2.515989836956522e-05,1.1114489130434783e-05,8.205230253623187e-06,0.0,0
67,3,1,1,1,1,105.04477611940298,98.73731343283582,87.82537313432836,0.34146389870520344,0.3910561693680359,0.29851339546343164,0.009609701492537313,0.006056268656716418,0.005695970149253732,105.0,99.4,87.3,0.00855,0.00531,0.00498,101.0,85.6,81.9,1.17,1.27,1.14,0.00232,0.00166,0.00166,112.0,106.0,98.2,5.74,4.54,4.55,0.0292,0.0153,0.0149,1.9828132066938038,13.091465400271375,9.431013116236997,0.8407957033016735,0.4947241067390321,0.47601601085481676,3.2325484758028043e-05,1.0255935866123925e-05,6.29016381727725e-06,0.0,0
21,3,1,1,1,1,105.38095238095238,99.97619047619048,87.86666666666666,0.5850844464894016,0.7138973547412653,0.5095678663640781,0.01097904761904762,0.006236666666666666,0.006232857142857143,105.0,99.8,87.4,0.00921,0.00564,0.00631,104.0,95.4,84.9,1.17,2.54,1.72,0.00306,0.00166,0.00199,112.0,104.0,90.8,4.27,4.26,2.99,0.0292,0.0123,0.0149,2.8476190476190473,5.3259047619047575,2.5843333333333325,0.6156647619047618,0.28645476190476193,0.17099,6.191867904761905e-05,9.473653333333333e-06,7.398351428571428e-06,0.02,0
67,1,1,1,3,6,111.83582089552239,106.08805970149254,95.02835820895523,0.2781025195159241,0.2875048980182693,0.27805297537950946,0.008017164179104478,0.006308805970149253,0.005593134328358209,112.0,107.0,97.0,0.00706,0.0055,0.00432,108.0,97.8,85.5,1.09,0.943,0.903,0.00199,0.00199,0.00232,118.0,119.0,101.0,4.52,4.21,6.29,0.0277,0.0204,0.0173,3.2302125734961553,25.59015829941203,21.64994120307553,0.38428968792401624,0.5030944310266847,0.5422688227046586,1.7959114563545904e-05,1.6268056128448664e-05,9.74620669380371e-06,0.03,0
68,1,1,1,3,6,111.88235294117646,106.14558823529411,95.0985294117647,0.27419465317310576,0.2852890194359514,0.27540007427069524,0.007933382352941177,0.006269705882352941,0.005618235294117647,112.0,107.5,97.05,0.007025,0.00524,0.004484999999999999,108.0,97.8,85.5,0.679,0.943,0.903,0.00199,0.00199,0.00232,118.0,119.0,101.0,4.52,4.21,6.29,0.0277,0.0204,0.0173,3.3292361720807726,25.433263827919227,21.66163959613696,0.4122023325285338,0.49562913147497806,0.5350609927568042,1.816838689640035e-05,1.612920886742757e-05,9.643584899034241e-06,0.03,0
50,1,1,1,3,6,111.8,105.818,94.876,0.3071825131741715,0.32479879864309846,0.3126836158163712,0.0078698,0.0061346,0.0058328,112.0,107.5,97.05,0.0073,0.00524,0.005039999999999999,108.0,98.7,86.0,0.679,0.943,0.903,0.00199,0.00199,0.00232,115.0,113.0,101.0,3.66,3.64,3.42,0.0176,0.0204,0.0173,2.5306122448979593,22.700689795918365,22.965126530612242,0.34779353836734694,0.4379259106122449,0.267707592244898,1.3171569346938776e-05,1.4311437591836734e-05,9.772273632653061e-06,0.04,0
67,1,1,1,3,6,111.83582089552239,106.08805970149254,95.02835820895523,0.2781025195159241,0.28750489801826923,0.27805297537950946,0.008017164179104478,0.006308805970149253,0.005593134328358209,112.0,107.0,97.0,0.00706,0.0055,0.00432,108.0,97.8,85.5,1.09,0.943,0.903,0.00199,0.00199,0.00232,118.0,119.0,101.0,4.52,4.21,6.29,0.0277,0.0204,0.0173,3.2302125734961553,25.59015829941203,21.64994120307553,0.38428968792401624,0.5030944310266847,0.5422688227046586,1.7959114563545904e-05,1.6268056128448664e-05,9.74620669380371e-06,0.03,0
44,1,1,1,3,6,111.86363636363636,106.28863636363636,95.86818181818182,0.33806147128557645,0.3400153808200665,0.3220839458616623,0.0071972727272727275,0.006159772727272727,0.005518863636363636,112.0,107.5,97.75,0.006165,0.004815,0.00475,108.0,97.8,85.5,0.679,0.943,1.12,0.00232,0.00199,0.00232,118.0,119.0,101.0,3.66,3.75,3.25,0.0176,0.0204,0.0123,3.7019027484143763,28.450798097251585,20.056173361522198,0.39358258086680764,0.39653523625792814,0.2600428646934461,1.315996913319239e-05,1.7210867389006343e-05,7.207963794926004e-06,0.0,0
21,1,1,1,3,6,112.0,107.15238095238095,94.78571428571428,0.49758086205732854,0.549729061280488,0.5733916676540979,0.00886095238095238,0.006191428571428572,0.006272380952380952,112.0,109.0,94.2,0.0073,0.00477,0.00477,108.0,99.2,86.5,0.679,1.0,1.42,0.00199,0.00199,0.00232,115.0,113.0,101.0,4.52,4.21,6.29,0.0277,0.0169,0.0173,3.7,16.567619047619043,21.82228571428571,0.6144730476190474,0.6419261904761905,1.102754761904762,2.951976904761904e-05,1.6175812857142856e-05,1.5339109047619045e-05,0.03,0
68,1,1,1,3,6,111.88235294117646,106.14558823529411,95.0985294117647,0.2741946531731057,0.28528901943595136,0.27540007427069535,0.007933382352941177,0.006269705882352941,0.005618235294117647,112.0,107.5,97.05,0.007025,0.00524,0.004484999999999999,108.0,97.8,85.5,0.679,0.943,0.903,0.00199,0.00199,0.00232,118.0,119.0,101.0,4.52,4.21,6.29,0.0277,0.0204,0.0173,3.3292361720807726,25.433263827919227,21.66163959613696,0.4122023325285338,0.49562913147497806,0.5350609927568042,1.816838689640035e-05,1.612920886742757e-05,9.643584899034241e-06,0.03,0
23,1,1,1,3,6,112.26086956521739,106.0,94.80434782608695,0.4954737302736688,0.518913544379642,0.4732085090165551,0.008144782608695653,0.006617391304347826,0.004890869565217391,112.0,106.0,97.0,0.00631,0.00564,0.00362,109.0,97.8,85.5,0.679,1.39,0.903,0.00232,0.00199,0.00232,118.0,119.0,101.0,4.52,4.21,6.29,0.0277,0.0179,0.012,4.747035573122529,33.75727272727273,22.278616600790514,0.5880874743083003,0.6326612648221344,1.0627135138339923,2.9671053359683792e-05,1.8447374703557314e-05,8.110917391304348e-06,0.0,0
72,3,3,1,2,1,88.13194444444444,92.10694444444445,82.80972222222222,0.4054604150199477,0.3315673415856466,0.23025056550781078,0.00804125,0.006680833333333333,0.006690138888888889,87.75,91.85,82.5,0.006225,0.00631,0.00561,82.2,82.8,76.2,1.21,1.27,0.834,0.00256,0.00166,0.00232,98.3,99.5,89.9,11.3,4.23,5.46,0.0242,0.0163,0.0199,7.716007433489823,9.77699334898279,5.235537949921753,3.0732950704225357,0.5021032668231612,0.5976928661971831,2.3051157570422534e-05,9.226928873239436e-06,1.418371124804382e-05,0.0,0
73,3,3,1,2,1,88.17671232876712,92.08904109589041,82.77123287671233,0.4034771228995784,0.32828814995577993,0.22804900577198278,0.007967534246575342,0.006998904109589041,0.0068026027397260274,87.8,91.8,82.5,0.0061,0.00631,0.00564,82.2,82.8,76.2,1.21,1.27,0.834,0.00256,0.00166,0.00232,98.3,99.5,89.9,11.3,4.23,5.46,0.0242,0.0299,0.0199,7.7551445966514425,9.66460045662101,5.270966514459666,3.0427789954337903,0.5004640030441401,0.5904394988584476,2.3127685502283102e-05,1.6484115449010652e-05,1.4910027853881278e-05,0.0,0
52,3,3,1,2,1,88.31538461538462,92.13076923076923,82.55192307692307,0.4886197124275495,0.3964230321439475,0.2559647958239247,0.007796346153846154,0.007259615384615384,0.006775192307692308,87.6,91.85,82.35,0.005715,0.00668,0.005885,84.1,84.3,76.2,1.21,1.27,0.897,0.00266,0.00166,0.00283,97.5,99.2,89.9,11.3,4.22,4.7,0.0242,0.0299,0.0199,6.854268476621416,8.422171945701363,5.513917797888386,3.5512001131221718,0.45978834841628957,0.4033316361236802,2.3585705995475113e-05,1.97231802413273e-05,1.5458460746606334e-05,0.0,0
72,3,3,1,2,1,88.13194444444444,92.10694444444445,82.80972222222222,0.4054604150199477,0.3315673415856466,0.23025056550781078,0.00804125,0.006680833333333333,0.006690138888888889,87.75,91.85,82.5,0.006225,0.00631,0.00561,82.2,82.8,76.2,1.21,1.27,0.834,0.00256,0.00166,0.00232,98.3,99.5,89.9,11.3,4.23,5.46,0.0242,0.0163,0.0199,7.716007433489823,9.77699334898279,5.235537949921753,3.0732950704225357,0.5021032668231612,0.5976928661971831,2.3051157570422534e-05,9.226928873239436e-06,1.418371124804382e-05,0.0,0
45,3,3,1,2,1,87.98222222222222,91.85777777777778,82.59555555555555,0.5369959882140878,0.4177437929439644,0.30720400990824276,0.007706444444444445,0.007241111111111111,0.006814666666666667,87.5,91.5,82.3,0.00609,0.00697,0.00558,82.2,82.8,76.2,1.36,1.27,0.834,0.00256,0.00166,0.00232,98.3,99.5,88.8,11.3,4.23,5.46,0.0213,0.0299,0.0189,9.455585858585856,10.816585858585864,5.789979797979798,3.542711313131313,0.46116545454545455,0.7430629616161616,2.1657050707070707e-05,2.0100601010101008e-05,1.5923925454545456e-05,0.0,0
25,3,3,1,2,1,88.06400000000001,91.784,83.004,0.584374811229916,0.5763895904681139,0.36982886636929785,0.0081184,0.0077031999999999995,0.0073464,87.9,91.0,82.7,0.00635,0.00639,0.00654,82.2,87.6,80.0,1.21,1.38,0.913,0.00266,0.00232,0.00232,92.5,99.2,89.9,5.96,4.23,3.55,0.0209,0.0299,0.0199,5.227399999999994,8.236400000000005,5.3487333333333344,1.2655333333333334,0.5269710000000001,0.45241496,2.2934439e-05,3.165571433333333e-05,2.0055899000000003e-05,0.0,0
73,3,3,1,2,1,88.17671232876712,92.08904109589041,82.77123287671233,0.4034771228995784,0.32828814995577993,0.22804900577198273,0.007967534246575342,0.006998904109589041,0.0068026027397260274,87.8,91.8,82.5,0.0061,0.00631,0.00564,82.2,82.8,76.2,1.21,1.27,0.834,0.00256,0.00166,0.00232,98.3,99.5,89.9,11.3,4.23,5.46,0.0242,0.0299,0.0199,7.7551445966514425,9.66460045662101,5.270966514459666,3.0427789954337903,0.5004640030441401,0.5904394988584476,2.3127685502283102e-05,1.6484115449010652e-05,1.4910027853881278e-05,0.0,0
26,3,3,1,2,1,88.5923076923077,92.6,83.07692307692308,0.6908984588732073,0.5036931652640602,0.39439963550339024,0.008208461538461538,0.007142692307692307,0.006936538461538462,88.6,92.45,82.5,0.0073,0.006175,0.0053100000000000005,83.9,82.8,80.0,1.57,1.29,0.834,0.00256,0.00299,0.00332,98.3,99.5,88.8,8.01,4.18,5.46,0.0242,0.0299,0.0149,9.557538461538455,11.211200000000005,4.094646153846155,2.786011846153846,0.5744375384615384,0.8181881861538461,2.6953965538461535e-05,3.0138980461538457e-05,1.1995959538461538e-05,0.0,0
66,3,1,1,3,2,108.71212121212122,106.44393939393939,93.08181818181818,0.40106143604452144,0.4136678256987912,0.39160549900419095,0.008119242424242425,0.008505151515151516,0.00825939393939394,109.0,107.5,92.9,0.00664,0.00619,0.0073,104.0,95.7,88.4,1.06,0.741,1.22,0.00232,0.00199,0.00232,113.0,112.0,97.8,6.93,7.84,11.0,0.0272,0.0307,0.0352,2.9466200466200467,9.717578088578088,2.126741258741257,1.714678508158508,1.239749022144522,2.6994920279720276,2.659025634032634e-05,3.941264382284382e-05,2.766785808857809e-05,0.04,0
67,3,1,1,3,2,108.70149253731343,106.46716417910447,93.05074626865672,0.39677790029289395,0.40988155817913197,0.38638406889624005,0.008048358208955223,0.008456417910447761,0.008289850746268656,109.0,108.0,92.9,0.00664,0.00615,0.0073,104.0,95.7,88.4,1.06,0.741,1.22,0.00232,0.00199,0.00232,113.0,112.0,97.8,6.93,7.84,11.0,0.0272,0.0307,0.0352,2.9095431931252826,9.606481230212575,2.1592039800995004,1.692857575757576,1.2216472107643601,2.6823545906829485,2.652401999095432e-05,3.897460515603799e-05,2.7310798462234286e-05,0.04,0
49,3,1,1,3,2,108.73469387755102,106.48163265306123,92.88775510204081,0.4380209458704471,0.4888128659407448,0.444578053867756,0.007980204081632653,0.008246938775510203,0.007854897959183673,109.0,108.0,92.9,0.00664,0.006,0.0073,104.0,97.6,88.4,1.16,0.741,1.23,0.00232,0.00199,0.00277,113.0,112.0,96.1,5.9,7.84,11.0,0.0206,0.0307,0.0246,2.8239795918367347,8.733197278911566,1.5940136054421754,1.359930867346939,1.3659945527210884,2.59471156462585,2.4203506207482993e-05,4.2480850850340135e-05,1.6245746343537416e-05,0.03,0
66,3,1,1,3,2,108.71212121212122,106.44393939393939,93.08181818181818,0.4010614360445213,0.4136678256987911,0.391605499004191,0.008119242424242425,0.008505151515151516,0.00825939393939394,109.0,107.5,92.9,0.00664,0.00619,0.0073,104.0,95.7,88.4,1.06,0.741,1.22,0.00232,0.00199,0.00232,113.0,112.0,97.8,6.93,7.84,11.0,0.0272,0.0307,0.0352,2.9466200466200467,9.717578088578088,2.126741258741257,1.714678508158508,1.239749022144522,2.6994920279720276,2.659025634032634e-05,3.941264382284382e-05,2.766785808857809e-05,0.04,0
39,3,1,1,3,2,108.48717948717949,106.3923076923077,93.05641025641026,0.5422111813256009,0.5406788291751508,0.5449638534599421,0.0076694871794871795,0.008952820512820514,0.008214871794871795,108.0,108.0,93.0,0.00498,0.00598,0.00723,104.0,95.7,88.4,1.06,1.7,1.22,0.00232,0.00232,0.00232,112.0,111.0,97.8,6.93,5.8,11.0,0.0272,0.0307,0.0352,2.572199730094467,11.332834008097167,2.3346288798920365,1.8571879892037786,0.9612624831309041,3.3730499325236165,3.2252841835357624e-05,4.478637867746289e-05,3.2224815114709855e-05,0.02,0
25,3,1,1,3,2,108.88,106.628,93.024,0.6740808260142103,0.6831814763296792,0.5611646460710084,0.0081964,0.0080928,0.008404,109.0,107.0,92.9,0.00699,0.00631,0.00808,104.0,95.7,90.4,1.16,0.741,1.22,0.00232,0.00199,0.00266,113.0,112.0,96.9,6.06,7.84,8.28,0.0272,0.0269,0.0246,3.6100000000000003,10.926266666666663,2.311899999999997,2.130125,2.05331054,1.9806906666666664,3.103250733333333e-05,3.6401971e-05,2.3726683333333334e-05,0.03,0
67,3,1,1,3,2,108.70149253731343,106.46716417910447,93.05074626865672,0.39677790029289395,0.40988155817913186,0.38638406889624016,0.008048358208955223,0.008456417910447761,0.008289850746268656,109.0,108.0,92.9,0.00664,0.00615,0.0073,104.0,95.7,88.4,1.06,0.741,1.22,0.00232,0.00199,0.00232,113.0,112.0,97.8,6.93,7.84,11.0,0.0272,0.0307,0.0352,2.9095431931252826,9.606481230212575,2.1592039800995004,1.692857575757576,1.2216472107643601,2.6823545906829485,2.652401999095432e-05,3.897460515603799e-05,2.7310798462234286e-05,0.04,0
23,3,1,1,3,2,108.73913043478261,106.52173913043478,93.23913043478261,0.6646894750924501,0.6387206613033615,0.6472030853205145,0.008268260869565218,0.008176521739130435,0.009394347826086957,109.0,107.0,92.9,0.00699,0.00667,0.00863,106.0,101.0,90.4,1.06,1.77,1.47,0.00299,0.00266,0.00232,111.0,111.0,97.8,6.93,4.19,8.28,0.0169,0.0206,0.0352,2.8379446640316206,7.260869565217392,3.2079446640316176,1.6031110671936757,0.4060446640316206,2.4505999999999997,1.8422833201581027e-05,2.4266378260869565e-05,4.5520662055335973e-05,0.01,0
82,1,1,1,1,1,108.0780487804878,100.24512195121952,87.56951219512194,0.29676445271060253,0.3663190738830581,0.33147264407725197,0.010690853658536585,0.006499512195121951,0.006102560975609756,108.0,101.0,87.85,0.009600000000000001,0.005294999999999999,0.004815,99.4,87.3,79.1,1.67,1.22,0.871,0.00232,0.00166,0.00199,112.0,108.0,93.0,4.09,6.46,5.33,0.0279,0.0216,0.0259,4.005685034628123,13.536087021981333,8.576219512195125,0.19181019271303823,0.7009531014754592,0.850138091087022,3.5403751114122254e-05,1.3894389882565492e-05,1.488926126166817e-05,0.0,0
83,1,1,1,1,1,108.10120481927711,100.19638554216867,87.5132530120482,0.29440648399740216,0.3658553907390069,0.3282366531620511,0.010653734939759036,0.006489156626506024,0.006081084337349397,108.0,101.0,87.8,0.00957,0.00531,0.00465,99.4,87.3,79.1,1.67,1.22,0.871,0.00232,0.00166,0.00199,112.0,108.0,93.0,4.09,6.46,5.33,0.0279,0.0216,0.0259,4.001339994122832,13.568157508081105,8.734334410813991,0.19171774904496033,0.7108974140464296,0.8520196946811637,3.508635539230091e-05,1.3733846841022628e-05,1.474596832206876e-05,0.01,0
54,1,1,1,1,1,107.85925925925926,99.81666666666666,86.94074074074074,0.35310454391021523,0.45876877930711557,0.3994402122923519,0.009954444444444445,0.006697407407407407,0.006102777777777777,108.0,100.0,87.5,0.009600000000000001,0.00564,0.004815,99.4,87.3,79.1,1.67,1.22,0.871,0.00232,0.00166,0.00199,111.0,107.0,92.5,3.55,6.46,5.33,0.0262,0.0156,0.0259,3.1677428371767977,14.741415094339622,8.496422082459821,0.16235251572327045,0.7639323549965059,0.7660462798742139,3.0758927044025156e-05,1.2378457302585604e-05,1.4897635534591194e-05,0.0,0
82,1,1,1,1,1,108.0780487804878,100.24512195121952,87.56951219512194,0.2967644527106025,0.3663190738830581,0.33147264407725197,0.010690853658536585,0.006499512195121951,0.006102560975609756,108.0,101.0,87.85,0.009600000000000001,0.005294999999999999,0.004815,99.4,87.3,79.1,1.67,1.22,0.871,0.00232,0.00166,0.00199,112.0,108.0,93.0,4.09,6.46,5.33,0.0279,0.0216,0.0259,4.005685034628123,13.536087021981333,8.576219512195125,0.19181019271303823,0.7009531014754592,0.850138091087022,3.5403751114122254e-05,1.3894389882565492e-05,1.488926126166817e-05,0.0,0
47,1,1,1,1,1,108.07234042553192,100.08297872340425,87.30851063829788,0.39220159541247707,0.5070460971951674,0.4438726958512173,0.009551489361702128,0.007041914893617021,0.006131702127659574,108.0,100.0,87.9,0.00915,0.00598,0.00465,99.4,87.3,79.1,1.94,1.22,0.871,0.00232,0.00199,0.00199,112.0,108.0,93.0,4.09,6.46,5.33,0.0222,0.0216,0.0259,3.732913968547639,15.795790934320076,9.246447733580023,0.1712585568917669,0.771681498612396,0.9815379398704903,2.2328978168362627e-05,1.6657728862164664e-05,1.6522797039777984e-05,0.0,0
27,1,1,1,1,1,107.92592592592592,99.87777777777778,86.95555555555555,0.5020733418571101,0.6072861215856226,0.5354368240909404,0.011937777777777778,0.005249629629629629,0.004824814814814815,108.0,100.0,87.5,0.00902,0.00469,0.00432,100.0,93.0,79.3,1.83,1.22,1.62,0.00266,0.00166,0.00199,112.0,106.0,92.5,3.39,4.45,5.08,0.0279,0.013,0.0093,4.378917378917379,10.441794871794869,11.387948717948717,0.22276609686609686,0.5931934472934473,0.758048717948718,5.8067594871794874e-05,7.709526780626781e-06,3.12424131054131e-06,0.02,0
83,1,1,1,1,1,108.10120481927711,100.19638554216867,87.5132530120482,0.2944064839974021,0.3658553907390069,0.32823665316205103,0.010653734939759036,0.006489156626506024,0.006081084337349397,108.0,101.0,87.8,0.00957,0.00531,0.00465,99.4,87.3,79.1,1.67,1.22,0.871,0.00232,0.00166,0.00199,112.0,108.0,93.0,4.09,6.46,5.33,0.0279,0.0216,0.0259,4.001339994122832,13.568157508081105,8.734334410813991,0.19171774904496033,0.7108974140464296,0.8520196946811637,3.508635539230091e-05,1.3733846841022628e-05,1.474596832206876e-05,0.01,0
26,1,1,1,1,1,108.11538461538461,100.29615384615384,88.46538461538462,0.5470635706166679,0.6422265033902017,0.5825870684350043,0.010856153846153845,0.006504230769230769,0.005421153846153846,108.0,100.5,89.0,0.008675,0.005215,0.00465,100.0,92.3,82.9,1.67,1.22,1.54,0.00232,0.00232,0.00199,112.0,108.0,93.0,4.09,4.94,5.17,0.0279,0.0216,0.0149,5.0661538461538465,12.002784615384614,5.757553846153846,0.2867798461538461,0.7702838461538462,1.0195033846153845,4.044622461538461e-05,1.9577993384615387e-05,9.878402615384614e-06,0.0,0
80,3,2,1,1,6,119.4375,94.97875,87.815,0.954708201494048,0.39364121513124106,0.30148224968478654,0.007911875,0.0078665,0.0064278749999999996,120.0,94.85,87.9,0.00662,0.0066300000000000005,0.00498,105.0,91.2,77.2,3.56,1.32,1.02,0.00217,0.00232,0.00217,132.0,100.0,93.0,13.2,6.28,4.6,0.0269,0.0405,0.0339,26.856803797468356,3.3746060126582296,6.104329113924047,5.062499683544304,1.2732822784810127,0.6377220094936709,2.7507650870253167e-05,2.6144876202531648e-05,2.084788783227848e-05,0.0,0
81,3,2,1,1,6,119.34567901234568,94.96666666666667,87.73456790123457,0.9498117558704443,0.3905182796604676,0.2982126300947978,0.00786753086419753,0.007905185185185185,0.006405925925925926,120.0,94.8,87.8,0.0066,0.00669,0.00498,105.0,91.2,77.2,3.56,1.32,1.02,0.00217,0.00232,0.00217,132.0,100.0,93.0,13.2,6.28,4.6,0.0269,0.0405,0.0339,27.20401234567901,3.344250000000002,6.552040123456787,5.0117811111111115,1.2589441049382717,0.6489519753086419,2.7323083827160493e-05,2.5939285277777777e-05,2.0626311944444443e-05,0.0,0
53,3,2,1,1,6,119.26415094339623,94.97547169811321,87.64150943396227,1.1971979864951012,0.5044606649459896,0.3649281958271347,0.007584528301886793,0.007678867924528302,0.00570622641509434,120.0,94.7,87.8,0.0066,0.00657,0.00465,105.0,91.2,79.4,3.75,1.32,1.26,0.00217,0.00232,0.00217,127.0,100.0,92.2,12.5,6.28,4.38,0.0269,0.0405,0.0159,24.582728592162553,3.5168867924528313,4.936705370101593,4.066308563134978,1.4396639332365748,0.5712356313497823,2.163725602322206e-05,3.187628715529754e-05,1.0951697024673439e-05,0.01,0
80,3,2,1,1,6,119.4375,94.97875,87.815,0.9547082014940482,0.39364121513124106,0.3014822496847866,0.007911875,0.0078665,0.0064278749999999996,120.0,94.85,87.9,0.00662,0.0066300000000000005,0.00498,105.0,91.2,77.2,3.56,1.32,1.02,0.00217,0.00232,0.00217,132.0,100.0,93.0,13.2,6.28,4.6,0.0269,0.0405,0.0339,26.856803797468356,3.3746060126582296,6.104329113924047,5.062499683544304,1.2732822784810127,0.6377220094936709,2.7507650870253167e-05,2.6144876202531648e-05,2.084788783227848e-05,0.0,0
45,3,2,1,1,6,119.91111111111111,95.29555555555555,88.20666666666666,1.3091063769506432,0.537727959124957,0.394477557295566,0.0070168888888888885,0.0075855555555555555,0.006212,120.0,95.1,88.0,0.00498,0.00598,0.00495,105.0,92.0,81.3,3.56,1.32,1.02,0.00232,0.00232,0.00217,132.0,99.0,93.0,13.2,6.14,4.38,0.0269,0.0405,0.0146,30.08282828282828,2.9804343434343457,4.322454545454544,5.18833,1.393449191919192,0.5819461616161615,2.9359144646464648e-05,3.52497297979798e-05,1.2542693636363634e-05,0.0,0
26,3,2,1,1,6,117.73076923076923,94.31538461538462,86.86538461538461,1.6269874055294586,0.6529743056100922,0.4950303319856256,0.009098461538461538,0.008047692307692308,0.0068107692307692305,118.5,94.2,87.8,0.008735,0.007105,0.005155,107.0,91.2,77.2,3.75,1.58,1.29,0.0025,0.00257,0.00228,124.0,100.0,91.1,11.5,6.28,4.6,0.0269,0.0156,0.0339,20.844615384615384,4.071753846153848,12.08475384615384,5.317720153846154,1.0732633846153845,0.6933495384615384,3.023644553846154e-05,1.2085082461538461e-05,4.0042615384615384e-05,0.02,0
81,3,2,1,1,6,119.34567901234568,94.96666666666667,87.73456790123457,0.9498117558704445,0.39051827966046765,0.2982126300947978,0.00786753086419753,0.007905185185185185,0.006405925925925926,120.0,94.8,87.8,0.0066,0.00669,0.00498,105.0,91.2,77.2,3.56,1.32,1.02,0.00217,0.00232,0.00217,132.0,100.0,93.0,13.2,6.28,4.6,0.0269,0.0405,0.0339,27.20401234567901,3.344250000000002,6.552040123456787,5.0117811111111115,1.2589441049382717,0.6489519753086419,2.7323083827160493e-05,2.5939285277777777e-05,2.0626311944444443e-05,0.0,0
26,3,2,1,1,6,119.53846153846153,94.68461538461538,87.35384615384615,1.6272646031784128,0.5739245151693958,0.500909232467917,0.008486923076923078,0.007951923076923077,0.006991153846153846,120.0,94.65,87.8,0.0062900000000000005,0.007015,0.005145,109.0,91.6,77.2,3.56,1.58,1.02,0.00217,0.00257,0.00232,132.0,99.0,93.0,13.2,4.68,4.6,0.0269,0.0164,0.0339,39.61846153846154,3.002153846153849,11.29618461538461,6.182322615384615,0.49117784615384613,0.7364695384615384,4.111803015384615e-05,1.5425424153846152e-05,4.0475602615384616e-05,0.02,0
73,3,1,2,1,2,121.31506849315069,123.76712328767124,81.87397260273973,0.4836332167917256,0.8431594871734875,0.6286471070584716,0.006821232876712329,0.010309178082191782,0.006985205479452055,122.0,124.0,81.2,0.00531,0.00797,0.00598,110.0,117.0,78.8,1.75,1.98,1.49,0.00199,0.00232,0.00266,130.0,132.0,92.0,13.7,14.9,11.1,0.0189,0.0412,0.0232,20.66324200913242,7.986681887366819,5.266396499238968,3.566102663622526,7.786640106544901,5.297030251141552,1.6334641514459663e-05,5.163972431506849e-05,1.612260308219178e-05,0.02,0
74,3,1,2,1,2,121.37837837837837,123.77027027027027,81.86621621621622,0.4782922696971055,0.8349132916230603,0.6219631699758661,0.006765,0.010241891891891891,0.007007432432432432,122.0,124.0,81.25,0.00531,0.007764999999999999,0.00598,110.0,117.0,78.8,1.75,1.98,1.49,0.00199,0.00232,0.00266,130.0,132.0,92.0,13.7,14.9,11.1,0.0189,0.0412,0.0232,20.676786375416512,7.8780081451314325,5.198706034801928,3.5361337467604588,7.70244731580896,5.249116567937801,1.6344877397260272e-05,5.126736075527583e-05,1.5938304276194002e-05,0.03,0
51,3,1,2,1,2,120.80392156862744,123.3529411764706,81.49803921568628,0.5616025841415062,1.037340131418173,0.7027054326165659,0.006871960784313726,0.009983529411764705,0.007483137254901961,122.0,124.0,81.1,0.00531,0.00697,0.00631,110.0,117.0,78.9,1.98,1.98,1.49,0.00232,0.0025,0.00266,130.0,128.0,86.8,10.1,14.9,10.6,0.0189,0.0412,0.0232,19.68078431372549,6.752941176470588,2.880596078431374,2.5996153725490196,8.40644737254902,4.62704431372549,1.7819144078431372e-05,5.627335129411765e-05,2.073003396078431e-05,0.02,0
73,3,1,2,1,2,121.31506849315069,123.76712328767124,81.87397260273973,0.4836332167917255,0.8431594871734875,0.6286471070584717,0.006821232876712329,0.010309178082191782,0.006985205479452055,122.0,124.0,81.2,0.00531,0.00797,0.00598,110.0,117.0,78.8,1.75,1.98,1.49,0.00199,0.00232,0.00266,130.0,132.0,92.0,13.7,14.9,11.1,0.0189,0.0412,0.0232,20.66324200913242,7.986681887366819,5.266396499238968,3.566102663622526,7.786640106544901,5.297030251141552,1.6334641514459663e-05,5.163972431506849e-05,1.612260308219178e-05,0.02,0
40,3,1,2,1,2,120.7,123.475,81.9725,0.6435656532165153,1.167704023929009,0.8659531237313024,0.006063,0.011507,0.0075785,122.0,124.0,81.3,0.00531,0.01023,0.00631,110.0,117.0,79.1,1.98,2.81,1.83,0.00232,0.00232,0.00266,127.0,131.0,92.0,13.7,12.7,10.6,0.0153,0.0412,0.0232,20.77948717948718,7.230128205128205,5.9769166666666695,3.8100974358974353,5.665441987179487,4.940694807692307,1.0027847179487179e-05,6.341033435897436e-05,1.9452356666666666e-05,0.02,0
25,3,1,2,1,2,122.6,123.68,81.312,0.8590386254412546,1.528329702649268,0.9984278041000261,0.008391599999999999,0.01074,0.0059828,123.0,124.0,81.1,0.00827,0.00996,0.00534,112.0,118.0,78.8,1.82,1.98,1.49,0.00199,0.0025,0.00266,130.0,132.0,86.0,10.1,14.9,10.5,0.0189,0.0236,0.0166,17.5,7.976666666666667,3.7569333333333366,3.8157509999999997,10.402702333333334,4.8698456666666665,2.361562233333333e-05,4.4985283333333334e-05,1.0921046e-05,0.01,0
74,3,1,2,1,2,121.37837837837837,123.77027027027027,81.86621621621622,0.4782922696971056,0.83491329162306,0.6219631699758661,0.006765,0.010241891891891891,0.007007432432432432,122.0,124.0,81.25,0.00531,0.007764999999999999,0.00598,110.0,117.0,78.8,1.75,1.98,1.49,0.00199,0.00232,0.00266,130.0,132.0,92.0,13.7,14.9,11.1,0.0189,0.0412,0.0232,20.676786375416512,7.8780081451314325,5.198706034801928,3.5361337467604588,7.70244731580896,5.249116567937801,1.6344877397260272e-05,5.126736075527583e-05,1.5938304276194002e-05,0.03,0
22,3,1,2,1,2,122.36363636363636,125.18181818181819,82.79545454545455,0.9579293914523475,1.3634292266921475,1.20676382346333,0.005866363636363637,0.009555454545454546,0.006594090909090909,123.0,124.5,81.55,0.00531,0.006805,0.00588,112.0,118.0,78.8,1.82,2.07,2.13,0.00199,0.00232,0.00266,130.0,132.0,92.0,13.7,12.9,10.6,0.0143,0.0236,0.0139,23.956709956709958,9.67965367965368,8.730930735930741,5.930926623376622,7.281109956709957,5.93501645021645,9.467748051948052e-06,4.041397835497835e-05,8.4836158008658e-06,0.04,0
57,2,1,2,1,2,110.6280701754386,125.84210526315789,78.70877192982456,1.052848881079169,0.9215014445353311,0.6133636178239238,0.006063508771929824,0.01113578947368421,0.007225087719298246,110.0,126.0,79.0,0.00564,0.00958,0.00631,90.1,116.0,74.2,2.44,2.91,1.47,0.00199,0.00278,0.00232,127.0,136.0,85.4,13.9,12.9,10.8,0.0202,0.0335,0.0199,78.41491228070174,6.849624060150376,5.8879573934837115,6.609599498746867,5.248863408521303,4.118831015037594,1.2203051754385963e-05,4.3824478383458646e-05,1.6943689724310777e-05,0.01,0
57,2,1,2,1,2,110.6280701754386,125.84210526315789,78.70877192982456,1.052848881079169,0.9215014445353311,0.6133636178239238,0.006063508771929824,0.01113578947368421,0.007225087719298246,110.0,126.0,79.0,0.00564,0.00958,0.00631,90.1,116.0,74.2,2.44,2.91,1.47,0.00199,0.00278,0.00232,127.0,136.0,85.4,13.9,12.9,10.8,0.0202,0.0335,0.0199,78.41491228070174,6.849624060150376,5.8879573934837115,6.609599498746867,5.248863408521303,4.118831015037594,1.2203051754385963e-05,4.3824478383458646e-05,1.6943689724310777e-05,0.01,0
38,2,1,2,1,2,110.80526315789474,125.8157894736842,79.05526315789474,1.186649651802032,1.1156457516673008,0.7439503937532738,0.006220789473684211,0.011272368421052632,0.00638578947368421,111.0,126.0,79.2,0.005145,0.009505,0.00558,90.1,122.0,74.5,2.44,2.91,1.47,0.00199,0.00278,0.00232,126.0,130.0,85.4,10.9,12.9,10.8,0.0202,0.0335,0.0149,79.12916073968705,3.289473684210526,6.4025391180654365,5.053983499288762,5.5518347795163585,4.4816199146514935,1.392668854907539e-05,4.7792110455192036e-05,1.1484884495021337e-05,0.0,0
57,2,1,2,1,2,110.6280701754386,125.84210526315789,78.70877192982456,1.052848881079169,0.9215014445353311,0.6133636178239237,0.006063508771929824,0.01113578947368421,0.007225087719298246,110.0,126.0,79.0,0.00564,0.00958,0.00631,90.1,116.0,74.2,2.44,2.91,1.47,0.00199,0.00278,0.00232,127.0,136.0,85.4,13.9,12.9,10.8,0.0202,0.0335,0.0199,78.41491228070174,6.849624060150376,5.8879573934837115,6.609599498746867,5.248863408521303,4.118831015037594,1.2203051754385963e-05,4.3824478383458646e-05,1.6943689724310777e-05,0.01,0
31,2,1,2,1,2,111.13225806451612,126.25806451612904,79.04838709677419,1.4677060257925503,1.2516264964343329,0.891945692060816,0.0057683870967741935,0.010664838709677419,0.007401612903225806,111.0,126.0,79.0,0.00465,0.00943,0.00664,94.2,122.0,74.2,2.44,3.16,1.96,0.00232,0.00299,0.00232,127.0,136.0,85.4,13.9,12.9,10.8,0.0128,0.0335,0.0166,56.503591397849455,6.197849462365592,6.359247311827961,6.868018924731183,6.189785806451613,4.385304946236559,7.84656064516129e-06,4.172568580645162e-05,1.3592033978494624e-05,0.0,0
20,2,1,2,1,2,110.14,125.15,78.29,1.6984844715215974,1.5283568791352367,0.9394992017026942,0.006191,0.01062,0.0061605,109.0,125.5,79.0,0.00564,0.00822,0.005645,90.1,116.0,74.5,3.06,2.91,1.47,0.00266,0.00299,0.00232,126.0,130.0,81.5,12.4,11.1,7.52,0.0202,0.0215,0.0149,109.2141052631579,8.555263157894737,4.701999999999999,5.297832631578947,4.996350263157895,4.082045,1.7561388421052632e-05,3.28718947368421e-05,1.2444931315789475e-05,0.02,0
57,2,1,2,1,2,110.6280701754386,125.84210526315789,78.70877192982456,1.052848881079169,0.9215014445353312,0.6133636178239237,0.006063508771929824,0.01113578947368421,0.007225087719298246,110.0,126.0,79.0,0.00564,0.00958,0.00631,90.1,116.0,74.2,2.44,2.91,1.47,0.00199,0.00278,0.00232,127.0,136.0,85.4,13.9,12.9,10.8,0.0202,0.0335,0.0199,78.41491228070174,6.849624060150376,5.8879573934837115,6.609599498746867,5.248863408521303,4.118831015037594,1.2203051754385963e-05,4.3824478383458646e-05,1.6943689724310777e-05,0.01,0
36,2,1,2,3,6,108.12777777777778,131.91666666666666,89.13888888888889,1.4315682230199487,0.9762952776367418,0.8805065268509715,0.005520277777777778,0.010287777777777778,0.005927222222222223,109.0,132.0,88.80000000000001,0.00454,0.008834999999999999,0.00498,90.6,128.0,82.2,2.91,2.83,1.16,0.00166,0.00325,0.00232,118.0,144.0,96.6,17.9,9.3,12.6,0.0259,0.0286,0.0193,30.00492063492064,6.592857142857143,9.356730158730155,7.895865634920634,3.6049596825396826,7.748025,1.6265385634920635e-05,3.165190920634921e-05,1.3585472063492064e-05,0.01,0
37,2,1,2,3,6,108.23243243243243,131.75675675675674,89.11891891891892,1.4025367552725423,0.9859267201183814,0.8589613123754641,0.005722432432432432,0.010336756756756757,0.005829729729729729,109.0,132.0,88.7,0.00465,0.00916,0.00465,90.6,126.0,82.2,2.91,2.83,1.16,0.00166,0.00325,0.00232,118.0,144.0,96.6,17.9,9.77,12.6,0.0259,0.0286,0.0193,29.576696696696704,7.3558558558558556,9.111576576576573,7.7901478978978975,3.9860033033033035,7.665303003003003,1.732563003003003e-05,3.0861450300300304e-05,1.3559774924924924e-05,0.02,0
36,2,1,2,3,6,108.12777777777778,131.91666666666666,89.13888888888889,1.4315682230199487,0.9762952776367418,0.8805065268509714,0.005520277777777778,0.010287777777777778,0.005927222222222223,109.0,132.0,88.80000000000001,0.00454,0.008834999999999999,0.00498,90.6,128.0,82.2,2.91,2.83,1.16,0.00166,0.00325,0.00232,118.0,144.0,96.6,17.9,9.3,12.6,0.0259,0.0286,0.0193,30.00492063492064,6.592857142857143,9.356730158730155,7.895865634920634,3.6049596825396826,7.748025,1.6265385634920635e-05,3.165190920634921e-05,1.3585472063492064e-05,0.01,0
24,2,1,2,3,6,108.08333333333333,131.95833333333334,89.77083333333333,1.716377959136947,1.193718658692705,1.1525976097493869,0.005098333333333333,0.010108333333333334,0.005336666666666667,109.0,132.0,89.65,0.00432,0.008485,0.00426,100.0,126.0,82.2,2.91,2.83,1.16,0.00166,0.00325,0.00232,118.0,144.0,96.6,17.9,9.77,12.6,0.013,0.0286,0.0167,23.297101449275363,9.519927536231885,9.327373188405792,7.750417210144927,4.4927847826086955,8.673939130434782,6.156640579710145e-06,3.876474492753623e-05,1.0245831884057971e-05,0.02,0
37,2,1,2,3,6,108.23243243243243,131.75675675675674,89.11891891891892,1.402536755272542,0.9859267201183816,0.858961312375464,0.005722432432432432,0.010336756756756757,0.005829729729729729,109.0,132.0,88.7,0.00465,0.00916,0.00465,90.6,126.0,82.2,2.91,2.83,1.16,0.00166,0.00325,0.00232,118.0,144.0,96.6,17.9,9.77,12.6,0.0259,0.0286,0.0193,29.576696696696704,7.3558558558558556,9.111576576576573,7.7901478978978975,3.9860033033033035,7.665303003003003,1.732563003003003e-05,3.0861450300300304e-05,1.3559774924924924e-05,0.02,0
78,3,1,2,3,6,121.96153846153847,126.65384615384616,87.74358974358974,0.6708245474573814,0.48004374321280824,0.4868901070378828,0.005746282051282052,0.008242564102564102,0.006316538461538461,122.0,126.0,87.1,0.005105,0.00667,0.00531,114.0,120.0,80.3,0.803,1.5,0.992,0.00199,0.00199,0.00232,131.0,134.0,96.8,12.0,7.4,10.1,0.0169,0.0276,0.0146,10.21928071928072,9.787712287712287,5.889244089244086,6.906630025474525,2.3421900932400934,5.145049931401931,1.143371197136197e-05,2.3348775158175157e-05,9.921134615384615e-06,0.55,1
79,3,1,2,3,6,121.9620253164557,126.65822784810126,87.71012658227848,0.6652665059617043,0.47460298050508515,0.4812370502589137,0.005759873417721519,0.008210759493670885,0.006299620253164557,122.0,126.0,87.1,0.00528,0.00665,0.00531,114.0,120.0,80.3,0.803,1.5,0.992,0.00199,0.00199,0.00232,131.0,134.0,96.8,12.0,7.4,10.1,0.0169,0.0276,0.0146,10.088283024991886,9.663745537163258,5.902203829925345,6.819990240506329,2.363688153197014,5.125372923076923,1.1301719214540732e-05,2.3129343005517688e-05,9.81655241804609e-06,0.56,1
78,3,1,2,3,6,121.96153846153847,126.65384615384616,87.74358974358974,0.6708245474573813,0.48004374321280824,0.4868901070378828,0.005746282051282052,0.008242564102564102,0.006316538461538461,122.0,126.0,87.1,0.005105,0.00667,0.00531,114.0,120.0,80.3,0.803,1.5,0.992,0.00199,0.00199,0.00232,131.0,134.0,96.8,12.0,7.4,10.1,0.0169,0.0276,0.0146,10.21928071928072,9.787712287712287,5.889244089244086,6.906630025474525,2.3421900932400934,5.145049931401931,1.143371197136197e-05,2.3348775158175157e-05,9.921134615384615e-06,0.55,1
79,3,1,2,3,6,121.9620253164557,126.65822784810126,87.71012658227848,0.6652665059617044,0.47460298050508504,0.48123705025891383,0.005759873417721519,0.008210759493670885,0.006299620253164557,122.0,126.0,87.1,0.00528,0.00665,0.00531,114.0,120.0,80.3,0.803,1.5,0.992,0.00199,0.00199,0.00232,131.0,134.0,96.8,12.0,7.4,10.1,0.0169,0.0276,0.0146,10.088283024991886,9.663745537163258,5.902203829925345,6.819990240506329,2.363688153197014,5.125372923076923,1.1301719214540732e-05,2.3129343005517688e-05,9.81655241804609e-06,0.56,1
51,3,1,1,3,6,108.17647058823529,106.15686274509804,91.38039215686274,0.43216028787653743,0.45948941959580764,0.36469971531787787,0.010361764705882353,0.008025686274509804,0.005323529411764706,108.0,106.0,91.4,0.00844,0.00745,0.00468,105.0,100.0,87.0,1.29,1.5,1.15,0.00232,0.00232,0.00166,112.0,112.0,99.4,7.76,4.89,4.4,0.0349,0.0209,0.0149,2.428235294117647,5.734901960784314,3.8160078431372564,1.697291843137255,0.45484431372549017,0.522948705882353,4.300519882352941e-05,2.1028409019607842e-05,6.224043294117647e-06,0.02,0
51,3,1,1,3,6,108.17647058823529,106.15686274509804,91.38039215686274,0.43216028787653743,0.4594894195958076,0.3646997153178778,0.010361764705882353,0.008025686274509804,0.005323529411764706,108.0,106.0,91.4,0.00844,0.00745,0.00468,105.0,100.0,87.0,1.29,1.5,1.15,0.00232,0.00232,0.00166,112.0,112.0,99.4,7.76,4.89,4.4,0.0349,0.0209,0.0149,2.428235294117647,5.734901960784314,3.8160078431372564,1.697291843137255,0.45484431372549017,0.522948705882353,4.300519882352941e-05,2.1028409019607842e-05,6.224043294117647e-06,0.02,0
51,3,1,1,3,6,108.17647058823529,106.15686274509804,91.38039215686274,0.4321602878765375,0.4594894195958075,0.3646997153178779,0.010361764705882353,0.008025686274509804,0.005323529411764706,108.0,106.0,91.4,0.00844,0.00745,0.00468,105.0,100.0,87.0,1.29,1.5,1.15,0.00232,0.00232,0.00166,112.0,112.0,99.4,7.76,4.89,4.4,0.0349,0.0209,0.0149,2.428235294117647,5.734901960784314,3.8160078431372564,1.697291843137255,0.45484431372549017,0.522948705882353,4.300519882352941e-05,2.1028409019607842e-05,6.224043294117647e-06,0.02,0
57,3,1,2,2,6,123.89473684210526,128.7719298245614,81.16842105263157,0.544565755544194,0.8697475603377397,0.8106097777336909,0.00868280701754386,0.010457543859649122,0.006140526315789474,125.0,129.0,81.1,0.00631,0.00873,0.00564,114.0,122.0,75.3,1.62,1.68,1.69,0.00232,0.0027,0.00232,132.0,132.0,87.2,9.71,17.8,12.6,0.0388,0.0267,0.0149,28.38157894736842,5.536340852130326,6.5904135338345835,2.85282186716792,8.038186090225564,7.446494611528822,5.663884912280702e-05,3.372074743107769e-05,7.647151503759397e-06,0.0,0
57,3,1,2,2,6,123.89473684210526,128.7719298245614,81.16842105263157,0.5445657555441941,0.8697475603377397,0.8106097777336908,0.00868280701754386,0.010457543859649122,0.006140526315789474,125.0,129.0,81.1,0.00631,0.00873,0.00564,114.0,122.0,75.3,1.62,1.68,1.69,0.00232,0.0027,0.00232,132.0,132.0,87.2,9.71,17.8,12.6,0.0388,0.0267,0.0149,28.38157894736842,5.536340852130326,6.5904135338345835,2.85282186716792,8.038186090225564,7.446494611528822,5.663884912280702e-05,3.372074743107769e-05,7.647151503759397e-06,0.0,0
57,3,1,2,2,6,123.89473684210526,128.7719298245614,81.16842105263157,0.5445657555441941,0.8697475603377397,0.8106097777336908,0.00868280701754386,0.010457543859649122,0.006140526315789474,125.0,129.0,81.1,0.00631,0.00873,0.00564,114.0,122.0,75.3,1.62,1.68,1.69,0.00232,0.0027,0.00232,132.0,132.0,87.2,9.71,17.8,12.6,0.0388,0.0267,0.0149,28.38157894736842,5.536340852130326,6.5904135338345835,2.85282186716792,8.038186090225564,7.446494611528822,5.663884912280702e-05,3.372074743107769e-05,7.647151503759397e-06,0.0,0
58,3,2,1,3,2,121.43103448275862,100.67758620689655,95.0603448275862,1.0030604920805573,0.3955524140329883,0.25898971373253954,0.007204655172413793,0.007565862068965517,0.006494137931034483,121.5,100.0,95.45,0.005405,0.00613,0.005549999999999999,112.0,96.6,89.6,2.31,1.56,0.6,0.00232,0.00199,0.00232,131.0,106.0,102.0,12.0,8.18,3.67,0.0236,0.0216,0.0229,17.126739261947975,3.567734422262554,6.208750756200848,4.88001333938294,1.3289782214156078,0.36671860133091344,2.2319134089534182e-05,1.541034398064126e-05,1.5465284331518452e-05,0.06,0
58,3,2,1,3,2,121.43103448275862,100.67758620689655,95.0603448275862,1.003060492080557,0.3955524140329884,0.25898971373253954,0.007204655172413793,0.007565862068965517,0.006494137931034483,121.5,100.0,95.45,0.005405,0.00613,0.005549999999999999,112.0,96.6,89.6,2.31,1.56,0.6,0.00232,0.00199,0.00232,131.0,106.0,102.0,12.0,8.18,3.67,0.0236,0.0216,0.0229,17.126739261947975,3.567734422262554,6.208750756200848,4.88001333938294,1.3289782214156078,0.36671860133091344,2.2319134089534182e-05,1.541034398064126e-05,1.5465284331518452e-05,0.06,0
58,3,2,1,3,2,121.43103448275862,100.67758620689655,95.0603448275862,1.003060492080557,0.3955524140329883,0.25898971373253954,0.007204655172413793,0.007565862068965517,0.006494137931034483,121.5,100.0,95.45,0.005405,0.00613,0.005549999999999999,112.0,96.6,89.6,2.31,1.56,0.6,0.00232,0.00199,0.00232,131.0,106.0,102.0,12.0,8.18,3.67,0.0236,0.0216,0.0229,17.126739261947975,3.567734422262554,6.208750756200848,4.88001333938294,1.3289782214156078,0.36671860133091344,2.2319134089534182e-05,1.541034398064126e-05,1.5465284331518452e-05,0.06,0
61,3,1,1,3,6,105.26065573770492,105.0622950819672,95.18524590163935,0.2752311798560542,0.2688801690038258,0.2369335460430345,0.006731803278688524,0.009136229508196722,0.007771311475409836,106.0,106.0,95.4,0.00557,0.00805,0.00697,94.9,98.2,91.0,0.548,0.837,0.879,0.00232,0.00232,0.00232,112.0,110.0,98.0,7.24,3.86,4.51,0.0186,0.0332,0.0196,16.157426229508197,11.678721311475407,3.057278688524592,0.6713330699453551,0.3228529333333333,0.2754849038251366,1.6822898360655735e-05,2.9314343879781422e-05,1.6888264918032788e-05,0.02,0
61,3,1,1,3,6,105.26065573770492,105.0622950819672,95.18524590163935,0.2752311798560542,0.2688801690038258,0.23693354604303454,0.006731803278688524,0.009136229508196722,0.007771311475409836,106.0,106.0,95.4,0.00557,0.00805,0.00697,94.9,98.2,91.0,0.548,0.837,0.879,0.00232,0.00232,0.00232,112.0,110.0,98.0,7.24,3.86,4.51,0.0186,0.0332,0.0196,16.157426229508197,11.678721311475407,3.057278688524592,0.6713330699453551,0.3228529333333333,0.2754849038251366,1.6822898360655735e-05,2.9314343879781422e-05,1.6888264918032788e-05,0.02,0
61,3,1,1,3,6,105.26065573770492,105.0622950819672,95.18524590163935,0.2752311798560543,0.2688801690038258,0.2369335460430345,0.006731803278688524,0.009136229508196722,0.007771311475409836,106.0,106.0,95.4,0.00557,0.00805,0.00697,94.9,98.2,91.0,0.548,0.837,0.879,0.00232,0.00232,0.00232,112.0,110.0,98.0,7.24,3.86,4.51,0.0186,0.0332,0.0196,16.157426229508197,11.678721311475407,3.057278688524592,0.6713330699453551,0.3228529333333333,0.2754849038251366,1.6822898360655735e-05,2.9314343879781422e-05,1.6888264918032788e-05,0.02,0
55,3,1,1,2,6,107.32727272727273,101.24727272727273,85.08545454545455,0.44991991941266346,0.5317260526260891,0.31098669951097146,0.009637636363636364,0.007366,0.005727636363636364,107.0,101.0,85.3,0.00771,0.00598,0.00563,105.0,89.0,80.2,1.2,1.12,1.42,0.00199,0.00232,0.0025,110.0,108.0,88.3,7.79,6.47,3.88,0.0258,0.0183,0.0104,1.5946127946127946,8.84550168350168,2.6701548821548813,2.109603569023569,1.1181843097643096,0.3436237037037037,3.560384060606061e-05,1.8613805925925923e-05,4.126233198653199e-06,0.0,0
55,3,1,1,2,6,107.32727272727273,101.24727272727273,85.08545454545455,0.44991991941266346,0.5317260526260891,0.31098669951097146,0.009637636363636364,0.007366,0.005727636363636364,107.0,101.0,85.3,0.00771,0.00598,0.00563,105.0,89.0,80.2,1.2,1.12,1.42,0.00199,0.00232,0.0025,110.0,108.0,88.3,7.79,6.47,3.88,0.0258,0.0183,0.0104,1.5946127946127946,8.84550168350168,2.6701548821548813,2.109603569023569,1.1181843097643096,0.3436237037037037,3.560384060606061e-05,1.8613805925925923e-05,4.126233198653199e-06,0.0,0
55,3,1,1,2,6,107.32727272727273,101.24727272727273,85.08545454545455,0.4499199194126634,0.5317260526260891,0.31098669951097146,0.009637636363636364,0.007366,0.005727636363636364,107.0,101.0,85.3,0.00771,0.00598,0.00563,105.0,89.0,80.2,1.2,1.12,1.42,0.00199,0.00232,0.0025,110.0,108.0,88.3,7.79,6.47,3.88,0.0258,0.0183,0.0104,1.5946127946127946,8.84550168350168,2.6701548821548813,2.109603569023569,1.1181843097643096,0.3436237037037037,3.560384060606061e-05,1.8613805925925923e-05,4.126233198653199e-06,0.0,0
63,3,1,1,2,1,106.96825396825396,100.64603174603175,84.87301587301587,0.31218364687740613,0.47426852883167503,0.24036751696075023,0.009835873015873017,0.006008253968253968,0.006568253968253968,107.0,101.0,85.0,0.00944,0.00465,0.00524,105.0,87.2,80.1,1.38,1.75,1.12,0.00389,0.00199,0.00232,110.0,108.0,89.7,3.47,7.17,4.77,0.0246,0.0156,0.0186,1.450588837685612,23.029298515104966,4.273937532002048,0.2872854582693292,0.8523886840757808,0.37202539682539676,1.9594008499743985e-05,1.350972432155658e-05,1.0991130773169481e-05,0.01,0
63,3,1,1,2,1,106.96825396825396,100.64603174603175,84.87301587301587,0.31218364687740613,0.474268528831675,0.24036751696075023,0.009835873015873017,0.006008253968253968,0.006568253968253968,107.0,101.0,85.0,0.00944,0.00465,0.00524,105.0,87.2,80.1,1.38,1.75,1.12,0.00389,0.00199,0.00232,110.0,108.0,89.7,3.47,7.17,4.77,0.0246,0.0156,0.0186,1.450588837685612,23.029298515104966,4.273937532002048,0.2872854582693292,0.8523886840757808,0.37202539682539676,1.9594008499743985e-05,1.350972432155658e-05,1.0991130773169481e-05,0.01,0
63,3,1,1,2,1,106.96825396825396,100.64603174603175,84.87301587301587,0.3121836468774062,0.474268528831675,0.24036751696075023,0.009835873015873017,0.006008253968253968,0.006568253968253968,107.0,101.0,85.0,0.00944,0.00465,0.00524,105.0,87.2,80.1,1.38,1.75,1.12,0.00389,0.00199,0.00232,110.0,108.0,89.7,3.47,7.17,4.77,0.0246,0.0156,0.0186,1.450588837685612,23.029298515104966,4.273937532002048,0.2872854582693292,0.8523886840757808,0.37202539682539676,1.9594008499743985e-05,1.350972432155658e-05,1.0991130773169481e-05,0.01,0
58,1,1,2,2,2,121.6896551724138,127.32758620689656,81.32931034482759,0.7876454058613902,0.9118645556744502,0.5906856905477192,0.007571379310344828,0.008157931034482759,0.006196379310344827,122.0,128.0,80.75,0.00747,0.0073,0.005005,107.0,119.0,76.1,1.04,1.04,0.988,0.00199,0.00217,0.00232,134.0,133.0,88.2,29.7,13.5,11.1,0.0166,0.035,0.0179,32.74410163339383,8.855716878402903,6.270178463399881,13.268668390804597,8.109811373260738,4.434639149425288,1.4376471748336356e-05,3.775859915305506e-05,1.188444104658197e-05,0.0,0
58,1,1,2,2,2,121.6896551724138,127.32758620689656,81.32931034482759,0.7876454058613902,0.9118645556744502,0.5906856905477192,0.007571379310344828,0.008157931034482759,0.006196379310344827,122.0,128.0,80.75,0.00747,0.0073,0.005005,107.0,119.0,76.1,1.04,1.04,0.988,0.00199,0.00217,0.00232,134.0,133.0,88.2,29.7,13.5,11.1,0.0166,0.035,0.0179,32.74410163339383,8.855716878402903,6.270178463399881,13.268668390804597,8.109811373260738,4.434639149425288,1.4376471748336356e-05,3.775859915305506e-05,1.188444104658197e-05,0.0,0
58,1,1,2,2,2,121.6896551724138,127.32758620689656,81.32931034482759,0.7876454058613902,0.9118645556744503,0.5906856905477192,0.007571379310344828,0.008157931034482759,0.006196379310344827,122.0,128.0,80.75,0.00747,0.0073,0.005005,107.0,119.0,76.1,1.04,1.04,0.988,0.00199,0.00217,0.00232,134.0,133.0,88.2,29.7,13.5,11.1,0.0166,0.035,0.0179,32.74410163339383,8.855716878402903,6.270178463399881,13.268668390804597,8.109811373260738,4.434639149425288,1.4376471748336356e-05,3.775859915305506e-05,1.188444104658197e-05,0.0,0
54,1,1,2,1,6,121.96296296296296,125.5,83.62407407407407,0.714665307719364,1.186322472277438,0.6219069968710769,0.0077070370370370365,0.00865888888888889,0.005885555555555555,124.0,126.0,83.15,0.006555,0.00697,0.00443,108.0,114.0,77.1,2.24,1.21,1.13,0.00199,0.00166,0.00232,131.0,133.0,93.0,14.3,16.3,10.1,0.0242,0.032,0.0206,38.074074074074076,19.42452830188679,7.632428371767993,6.711226694619147,13.362994304682042,3.8696426275331937,2.060751935709294e-05,3.125547421383648e-05,1.3964021383647798e-05,0.03,0
54,1,1,2,1,6,121.96296296296296,125.5,83.62407407407407,0.714665307719364,1.186322472277438,0.6219069968710769,0.0077070370370370365,0.00865888888888889,0.005885555555555555,124.0,126.0,83.15,0.006555,0.00697,0.00443,108.0,114.0,77.1,2.24,1.21,1.13,0.00199,0.00166,0.00232,131.0,133.0,93.0,14.3,16.3,10.1,0.0242,0.032,0.0206,38.074074074074076,19.42452830188679,7.632428371767993,6.711226694619147,13.362994304682042,3.8696426275331937,2.060751935709294e-05,3.125547421383648e-05,1.3964021383647798e-05,0.03,0
53,1,1,2,1,6,121.88679245283019,125.39622641509433,83.55471698113207,0.7258419449259488,1.2041283856380613,0.625457326452038,0.007727169811320754,0.008584528301886793,0.005946415094339623,124.0,126.0,83.1,0.00647,0.00697,0.00454,108.0,114.0,77.1,2.24,1.21,1.13,0.00199,0.00166,0.00232,131.0,133.0,93.0,14.3,16.3,10.1,0.0242,0.032,0.0206,38.48693759071118,19.205370101596518,7.514448476052249,6.7955037010159645,13.510863497822932,3.9136249637155296,2.0981509143686502e-05,3.1552206023222054e-05,1.4028704208998549e-05,0.04,0
53,3,3,1,2,6,88.3433962264151,93.34528301886793,82.63018867924528,0.35067370038801515,0.3854153234111403,0.30651555712043876,0.006238679245283019,0.005125660377358491,0.005518113207547169,88.5,93.5,82.1,0.00498,0.00398,0.00465,83.2,88.3,74.4,0.606,0.475,0.937,0.00232,0.00232,0.00232,93.3,97.1,93.6,7.04,4.42,4.14,0.045,0.0146,0.0153,3.659042089985484,4.279833091436865,25.400609579100152,1.9180553236574744,0.6298765239477504,0.536917847605225,3.831530014513788e-05,8.680998113207547e-06,9.425569448476053e-06,0.0,0
53,3,3,1,2,6,88.3433962264151,93.34528301886793,82.63018867924528,0.3506737003880151,0.3854153234111403,0.3065155571204388,0.006238679245283019,0.005125660377358491,0.005518113207547169,88.5,93.5,82.1,0.00498,0.00398,0.00465,83.2,88.3,74.4,0.606,0.475,0.937,0.00232,0.00232,0.00232,93.3,97.1,93.6,7.04,4.42,4.14,0.045,0.0146,0.0153,3.659042089985484,4.279833091436865,25.400609579100152,1.9180553236574744,0.6298765239477504,0.536917847605225,3.831530014513788e-05,8.680998113207547e-06,9.425569448476053e-06,0.0,0
52,3,3,1,2,6,88.33269230769231,93.27307692307693,82.48076923076923,0.3565554576481732,0.3900606959482955,0.3065187771162675,0.006179807692307692,0.005179615384615385,0.00551576923076923,88.45,93.45,82.1,0.0049,0.00398,0.004595,83.2,88.3,74.4,0.606,0.475,0.937,0.00232,0.00232,0.00232,93.3,97.0,93.6,7.04,4.42,4.14,0.045,0.0146,0.0153,3.7245965309200577,4.0820060331825045,24.692171945701364,1.9407781523378582,0.6407322303921569,0.5262490871040724,3.8879288197586725e-05,8.693897888386124e-06,9.610087631975867e-06,0.0,0
131,3,3,2,2,1,102.74732824427481,115.25954198473282,79.34580152671755,0.33624881493317704,0.7280185448804708,0.2948008554496933,0.00862473282442748,0.0064038931297709925,0.006167709923664122,103.0,116.0,79.1,0.00764,0.00522,0.00531,89.1,103.0,73.9,1.58,2.34,0.963,0.00222,0.00204,0.00217,108.0,126.0,85.7,12.5,14.8,8.46,0.0296,0.0183,0.0217,10.689281268349973,25.62442748091603,3.7854245449207293,2.14810621256606,8.13080272460364,2.477710842630652,2.623721127422196e-05,1.382181011156782e-05,1.2625497792131532e-05,0.01,0
144,3,1,1,1,2,105.01388888888889,98.62569444444445,88.94791666666667,0.22049558159888294,0.2989423147082864,0.2827765090324354,0.01590638888888889,0.008195625,0.008226388888888889,105.0,97.9,88.3,0.0136,0.00685,0.006335,103.0,91.5,83.4,1.41,1.22,0.961,0.00306,0.00166,0.00199,113.0,106.0,98.5,8.82,6.88,7.19,0.0491,0.0412,0.0418,1.85994560994561,9.022761752136754,7.340974650349649,0.8617856206293708,0.7027653797591298,1.754175461489899,7.068318966588966e-05,2.6960178627622377e-05,4.0301403651903656e-05,0.01,0
135,3,2,1,3,6,120.97777777777777,101.3,93.81333333333333,0.5936414745234269,0.22550217126569283,0.2118053945435535,0.0062842962962962965,0.006992,0.006005333333333333,123.0,101.0,94.2,0.00542,0.00606,0.00467,102.0,94.5,83.5,1.69,0.558,0.986,0.00166,0.00199,0.00166,133.0,112.0,103.0,12.8,7.67,4.87,0.0226,0.0218,0.0358,58.93233830845771,5.612089552238807,14.704895522388064,6.255857025981205,0.6960988763957988,0.6970643440574904,1.558426498618021e-05,1.2836251940298507e-05,1.6861986268656713e-05,0.03,0
153,1,3,1,3,6,88.44313725490196,100.69346405228758,93.29150326797385,0.17307208992347348,0.22656854967573462,0.2999790091906007,0.006719150326797385,0.005924967320261438,0.00656797385620915,88.8,101.0,94.1,0.00564,0.00524,0.00536,81.9,90.0,85.2,0.63,1.09,0.769,0.00232,0.00219,0.00199,94.6,107.0,102.0,5.07,9.93,14.4,0.0188,0.021,0.0273,5.589179566563467,6.831930684554524,9.894203646370826,0.48446309907120744,1.576332929136567,6.315930533281733,1.3765784141726866e-05,9.67326726866185e-06,1.566215442036464e-05,0.09,0
152,3,1,2,2,6,119.53947368421052,127.25657894736842,77.71644736842106,0.5233025603239683,0.4681706715513381,0.4784911207085801,0.005867763157894737,0.009559407894736843,0.006183026315789474,119.0,127.0,77.45,0.004370000000000001,0.00785,0.00531,106.0,120.0,70.8,0.871,1.62,1.46,0.00166,0.00232,0.00204,133.0,132.0,90.1,16.3,15.2,14.5,0.0226,0.0299,0.0216,33.932206343673755,4.576115371209481,11.002442924363885,7.953540464926804,4.714595172533984,8.37352456866504,1.7702143307772744e-05,3.340784004444057e-05,1.3030568264203555e-05,0.01,0
177,3,2,2,2,6,118.0677966101695,122.15819209039547,81.1864406779661,0.23347439683362836,0.48456764351606396,0.2787762812874485,0.007547570621468927,0.007727005649717514,0.005343333333333334,119.0,123.0,80.8,0.00631,0.00664,0.00495,106.0,107.0,73.0,1.3,0.912,1.47,0.00166,0.00199,0.00232,123.0,129.0,89.4,7.0,14.1,8.42,0.0305,0.0226,0.0173,9.427195685670263,13.258923985618901,12.507656009244991,0.9293926874678993,7.289219110939908,1.4581822033898306,2.2715918496404726e-05,1.879796427837699e-05,6.347146212121211e-06,0.16,0
138,1,2,2,2,6,116.06521739130434,121.55797101449275,82.05289855072463,0.5891681405834813,0.5487772161312453,0.2600616823129378,0.012645652173913044,0.00922731884057971,0.0064945652173913045,116.0,122.0,81.7,0.01003,0.007065,0.00564,109.0,104.0,74.2,1.17,0.797,0.858,0.00232,0.00199,0.00199,128.0,128.0,89.5,12.8,16.3,8.56,0.0538,0.0418,0.0239,9.944620755315773,11.284935999153708,12.428203215910292,4.2092183275150745,5.666094892256427,1.963277376970274,8.627998825769597e-05,5.408210297789062e-05,1.1191433751190098e-05,0.11,0
185,1,1,2,1,1,119.3891891891892,126.70270270270271,83.72324324324325,0.36123896451154486,0.5829127160027657,0.3929294113184146,0.007722432432432432,0.00966881081081081,0.008497459459459459,119.0,127.0,83.4,0.00661,0.0083,0.00724,102.0,109.0,76.7,2.16,1.61,1.1,0.00232,0.00232,0.00232,131.0,135.0,89.3,11.7,16.1,12.8,0.0345,0.0299,0.0326,11.521621621621621,10.01439482961222,7.254293772032901,1.6688973149236193,6.090040317273796,5.126701192714454,2.2683448942420683e-05,3.2832862708578146e-05,2.593674188014101e-05,0.06,0
143,3,1,1,3,1,101.81608391608391,101.9048951048951,92.9006993006993,0.1756813043004801,0.21248986881580254,0.20047786326999728,0.008278601398601398,0.00769055944055944,0.007256853146853147,102.0,101.0,92.4,0.00685,0.00631,0.0061,95.8,94.8,86.1,0.89,0.791,1.25,0.00232,0.00166,0.00232,108.0,114.0,113.0,4.82,4.92,6.79,0.0422,0.0307,0.0195,4.662485964739486,8.472440657933616,8.714154437112185,0.42332322298827935,0.6998090817492367,0.5925763912144194,3.0312867044223382e-05,2.9031484191864476e-05,1.3913963971240027e-05,0.1,0
530,3,1,2,3,1,123.64716981132075,125.97358490566037,91.46528301886792,0.1438081247076571,0.1619435435337723,0.20871989634421412,0.00758688679245283,0.008564358490566039,0.008249094339622641,124.0,125.0,91.1,0.00631,0.00768,0.007115,107.0,112.0,85.8,0.488,0.447,0.79,0.00166,0.00229,0.00199,134.0,137.0,100.0,9.22,11.9,14.0,0.0425,0.0504,0.0417,14.6068445268752,16.18077540393052,4.218263152263081,2.2516472059064805,2.18824757877091,4.782771562435354,2.8059409004173056e-05,2.731041064628883e-05,2.1793223374826123e-05,0.37,0
529,3,1,2,3,1,123.63705103969754,125.97164461247637,91.44272211720227,0.14400632205251299,0.16213717371006608,0.20797116215511552,0.007574291115311909,0.00858601134215501,0.008247844990548203,124.0,125.0,91.1,0.00631,0.0077,0.0071,107.0,112.0,85.8,0.488,0.447,0.79,0.00166,0.00229,0.00199,134.0,137.0,100.0,9.22,11.9,14.0,0.0425,0.0504,0.0417,14.625594317465772,16.20942172194535,4.0747622730136905,2.260119385661912,2.1880704773085298,4.664945228733459,2.8174184013576215e-05,2.7388418340780202e-05,2.1844751407744744e-05,0.37,0
412,3,1,2,3,1,123.5873786407767,126.00970873786407,91.43009708737864,0.16452517648616508,0.18550966099126825,0.23786757764415342,0.007531699029126214,0.008792961165048544,0.008050825242718447,124.0,125.0,91.1,0.00631,0.0079,0.00698,107.0,112.0,85.8,0.488,0.704,0.79,0.00166,0.00229,0.00199,134.0,137.0,99.7,9.22,11.9,12.0,0.0385,0.0504,0.0319,14.520326931708125,16.695769258025653,4.088094394444051,2.316763082040016,2.2903832576654146,4.672047374294285,2.712784041527886e-05,2.9621405322089148e-05,1.9616756981551034e-05,0.42,0
531,3,1,2,3,1,123.64406779661017,125.96610169491525,91.45574387947269,0.14352412968176687,0.16164707379207194,0.2084477144123799,0.0075657250470809794,0.008567382297551789,0.008238229755178907,124.0,125.0,91.1,0.00631,0.00766,0.00707,107.0,112.0,85.8,0.488,0.447,0.79,0.00166,0.00229,0.00199,134.0,137.0,100.0,9.22,11.9,14.0,0.0425,0.0504,0.0417,14.584393987847777,16.15733930284618,4.191264115410582,2.2598845657676865,2.187783397512703,4.770509807739047,2.810210527520165e-05,2.7383606530931317e-05,2.179395270937711e-05,0.37,0
